t,x,x_dot,theta,theta_dot,F_total,F_pend,F_car
0.0,0.0,0.0,0.05,0.0,73.80901027312285,73.80901027312285,0.0
0.02,0.07072768389207075,7.139472491001131,0.25772352264132636,20.848901454910415,75.36795955924238,122.2740839440373,-46.90612438479492
0.04,0.2867828581739248,15.045760448231707,0.8707677308006966,40.54459107430773,66.8475028110218,122.2740839440373,-55.42658113301551
0.06,0.7007627676682336,26.61440696416301,1.8077983038979826,48.762471713342954,61.88307219709463,122.2740839440373,-60.391011746942674
0.08,1.3397946573375519,36.547184653752254,2.632884096008213,31.959348413166776,61.06351792538018,122.2740839440373,-61.21056601865712
0.1,2.1325057786564567,42.28977722248122,3.104552742106008,15.98366276157098,60.81510271079333,122.2740839440373,-61.45898123324397
0.12,3.0247601554006027,46.89893087634652,3.2877452297867205,2.4492801647181075,60.81510271079333,122.2740839440373,-61.45898123324397
0.14,3.9781380456403808,46.953939028215935,3.290709768550024,2.062854509205888,60.81510271079333,122.2740839440373,-61.45898123324397
0.16,4.9326092998691236,47.00176234952679,3.2859848528129385,1.7011772506692306,60.81510271079333,122.2740839440373,-61.45898123324397
0.18,5.88806006381381,47.03979614329909,3.2739907275115296,1.3793905172006649,60.81510271079333,122.2740839440373,-61.45898123324397
0.2,6.844316092017097,47.066075061631,3.255478753314572,1.1104174641558289,60.81510271079333,122.2740839440373,-61.45898123324397
0.22,7.8011499373026965,47.07936856171898,3.231509235800249,0.9045958432213984,60.81510271079333,122.2740839440373,-61.45898123324397
0.24,8.758292004177513,47.07920080730987,3.203412737718198,0.7692888835205718,60.81510271079333,122.2740839440373,-61.45898123324397
0.26,9.715445237129778,47.06576320529628,3.1727296654662616,0.7086075170150561,60.81510271079333,122.2740839440373,-61.45898123324397
0.28,10.67230241980669,47.03973783374926,3.1411270600633903,0.7233420451242127,60.81510271079333,122.2740839440373,-61.45898123324397
0.3,11.628564326652786,47.00210669216757,3.110298133615241,0.8110981426294497,60.81510271079333,122.2740839440373,-61.45898123324397
0.32,12.583956723915279,46.95403942102514,3.081856322203233,0.9665352883710396,60.81510271079333,122.2740839440373,-61.45898123324397
0.34,13.53824468261723,46.89690594811114,3.0572378730145218,1.1815967638347122,60.81510271079333,122.2740839440373,-61.45898123324397
0.36,14.491243557671284,46.832382476872,3.037623859870758,1.4456967401562757,60.81510271079333,122.2740839440373,-61.45898123324397
0.38,15.4428267324321,46.76256982830555,3.023886174912226,1.7459110739847603,60.81510271079333,122.2740839440373,-61.45898123324397
0.4,16.392930471838554,46.690048556676366,3.0165562478855548,2.0672479404928557,60.81510271079333,122.2740839440373,-61.45898123324397
0.42,17.341556040282565,46.617831978559245,3.0158124892173293,2.393070131578366,60.81510271079333,122.2740839440373,-61.45898123324397
0.44,18.28876891522271,46.54921152444117,3.021482871490738,2.7057414762487344,60.81510271079333,122.2740839440373,-61.45898123324397
0.46,19.23469471611113,46.487506488914654,3.0330612910077326,2.9875728072549457,60.81510271079333,122.2740839440373,-61.45898123324397
0.48,20.179511498877936,46.435742842623874,3.0497386962553383,3.2221021612873417,60.81510271079333,122.2740839440373,-61.45898123324397
0.5,21.12343838960746,46.39630680703391,3.070450972606609,3.3956184529303926,60.81510271079333,122.2740839440373,-61.45898123324397
0.52,22.06672113730101,46.37064562735589,3.093944256557652,3.498654319953591,60.81510271079333,122.2740839440373,-61.45898123324397
0.54,23.00961591026873,46.35909734140684,3.118854732082236,3.5270486763020283,60.81510271079333,122.2740839440373,-61.45898123324397
0.56,23.9523732080183,46.36090041783736,3.1437955534186854,3.482243403287667,60.81510271079333,122.2740839440373,-61.45898123324397
0.58,24.89522373398884,46.37437028930109,3.1674408860507053,3.370739451570106,60.81510271079333,122.2740839440373,-61.45898123324397
0.6,25.83836739075784,46.397172647379655,3.1885979519610133,3.202939158010109,60.81510271079333,122.2740839440373,-61.45898123324397
0.62,26.78196558594829,46.42660859121654,3.206261896678797,2.9917569009230887,60.81510271079333,122.2740839440373,-61.45898123324397
0.64,27.726136315583354,46.45985408147756,3.219652920247938,2.7513331904878204,60.81510271079333,122.2740839440373,-61.45898123324397
0.66,28.670951304377486,46.494137339841735,3.2282382279286095,2.4960249582432215,60.81510271079333,122.2740839440373,-61.45898123324397
0.68,29.616434720297313,46.52686638460978,3.2317422485106646,2.2396875093326565,60.81510271079333,122.2740839440373,-61.45898123324397
0.7000000000000001,30.56256335225995,46.55572669399031,3.2301478142916302,1.9951756355861754,60.81510271079333,122.2740839440373,-61.45898123324397
0.72,31.509268417212017,46.57876210750713,3.2236895450854,1.7739736105899278,60.81510271079333,122.2740839440373,-61.45898123324397
0.74,32.45643926213189,46.594440274042334,3.2128392574752156,1.5858885717241062,60.81510271079333,122.2740839440373,-61.45898123324397
0.76,33.40392915833045,46.60169482756428,3.1982822706502607,1.438781186302938,60.81510271079333,122.2740839440373,-61.45898123324397
0.78,34.3515631891166,46.59993448508689,3.1808832911868667,1.338341813162818,60.81510271079333,122.2740839440373,-61.45898123324397
0.8,35.29914795247085,46.58901577158478,3.1616413131629892,1.2879374724423436,60.81510271079333,122.2740839440373,-61.45898123324397
0.8200000000000001,36.24648250093438,46.56918836332622,3.1416346175373504,1.2885507103307874,60.81510271079333,122.2740839440373,-61.45898123324397
0.84,37.19336971079244,46.54103302894084,3.1219590562033397,1.3388123756805392,60.81510271079333,122.2740839440373,-61.45898123324397
0.86,38.13962719845793,46.50541374534325,3.1036645747504,1.435111616405664,60.81510271079333,122.2740839440373,-61.45898123324397
0.88,39.08509701158642,46.46345495806623,3.087695591496093,1.5717618922253185,60.81510271079333,122.2740839440373,-61.45898123324397
0.9,40.0296535550182,46.416537951293584,3.074840129100594,1.7412132721991664,60.81510271079333,122.2740839440373,-61.45898123324397
0.92,40.973209454165264,46.36629707520259,3.065690892857383,1.9343188509826863,60.81510271079333,122.2740839440373,-61.45898123324397
0.9400000000000001,41.91571922165852,46.31459363150117,3.0606196120977445,2.1406757811855153,60.81510271079333,122.2740839440373,-61.45898123324397
0.96,42.857180659925724,46.2634516809735,3.0597646054838687,2.3490647362221275,60.81510271079333,122.2740839440373,-61.45898123324397
0.98,43.79763394871148,46.2149509246489,3.063030946446258,2.548005282647431,60.81510271079333,122.2740839440373,-61.45898123324397
1.0,44.737158399073714,46.1710830588116,3.070102585947414,2.7264267483337994,60.81510271079333,122.2740839440373,-61.45898123324397
1.02,45.67586695476303,46.133588159835945,3.080465887331764,2.8744216936188254,60.81510271079333,122.2740839440373,-61.45898123324397
1.04,46.61389870356072,46.10379593778019,3.093443805458333,2.9840054460116825,60.81510271079333,122.2740839440373,-61.45898123324397
1.06,47.5514098970983,46.082500708144565,3.1082391857991447,3.0497667435166145,60.81510271079333,122.2740839440373,-61.45898123324397
1.08,48.48856419743624,46.06989515051498,3.1239845048115336,3.0692861949154366,60.81510271079333,122.2740839440373,-61.45898123324397
1.1,49.42552298126851,46.06557516257372,3.1397942797250096,3.043237126230172,60.81510271079333,122.2740839440373,-61.45898123324397
1.12,50.36243647444259,46.06861043887195,3.1548158930280805,2.9751580471919263,60.81510271079333,122.2740839440373,-61.45898123324397
1.1400000000000001,51.29943627204458,46.0776606241881,3.168275002734214,2.870964165227331,60.81510271079333,122.2740839440373,-61.45898123324397
1.16,52.23662951245824,46.091111247382756,3.1795128902493164,2.7383119826232245,60.81510271079333,122.2740839440373,-61.45898123324397
1.18,53.174094731974684,46.1072076148494,3.188014537079448,2.5859321062315086,60.81510271079333,122.2740839440373,-61.45898123324397
1.2,54.11187930016199,46.124173852671575,3.1934274006915944,2.423012629034319,60.81510271079333,122.2740839440373,-61.45898123324397
1.22,55.04999832308011,46.14031275065239,3.195571501854019,2.2586723984273953,60.81510271079333,122.2740839440373,-61.45898123324397
1.24,55.98843494911279,46.154086796942515,3.194441558433852,2.1015294448468436,60.81510271079333,122.2740839440373,-61.45898123324397
1.26,56.9271420601458,46.16418171358298,3.1902017057364045,1.9593525373534766,60.81510271079333,122.2740839440373,-61.45898123324397
1.28,57.866045338928366,46.16955269995749,3.18317307947946,1.8387812853800205,60.81510271079333,122.2740839440373,-61.45898123324397
1.3,58.80504765843745,46.16945257907858,3.1738144130194113,1.745105925576811,60.81510271079333,122.2740839440373,-61.45898123324397
1.32,59.7440346487355,46.16344151391049,3.162695945642816,1.6821051850156692,60.81510271079333,122.2740839440373,-61.45898123324397
1.34,60.682881182837114,46.15138008981169,3.150467383614185,1.6519448175562845,60.81510271079333,122.2740839440373,-61.45898123324397
1.36,61.62145841504095,46.13341028612599,3.137821315493752,1.6551391481779747,60.81510271079333,122.2740839440373,-61.45898123324397
1.3800000000000001,62.55964093304071,46.109930457923355,3.125454170512689,1.6905747840050367,60.81510271079333,122.2740839440373,-61.45898123324397
1.4000000000000001,63.4973135690422,46.08156958335501,3.1140272937560334,1.755592620838186,60.81510271079333,122.2740839440373,-61.45898123324397
1.42,64.43437745655008,46.04916274494472,3.1041308204535287,1.8461237608489167,60.81510271079333,122.2740839440373,-61.45898123324397
1.44,65.37075500089202,46.013725637792305,3.0962527286114674,1.9568771219830206,60.81510271079333,122.2740839440373,-61.45898123324397
1.46,66.30639352648912,45.976422912721546,3.0907548502162503,2.0815795067719134,60.81510271079333,122.2740839440373,-61.45898123324397
1.48,67.24126745139566,45.93852473543475,3.0878569232360884,2.213270244330328,60.81510271079333,122.2740839440373,-61.45898123324397
1.5,68.17537891321085,45.90134814337754,3.0876291437606067,2.344650372023493,60.81510271079333,122.2740839440373,-61.45898123324397
1.52,69.10875683714579,45.86618370691994,3.089993207335736,2.4684798037965194,60.81510271079333,122.2740839440373,-61.45898123324397
1.54,70.04145450921106,45.83421244478959,3.094731482347036,2.578005222545427,60.81510271079333,122.2740839440373,-61.45898123324397
1.56,70.97354580332174,45.80642178924801,3.1015036475998112,2.667388284559502,60.81510271079333,122.2740839440373,-61.45898123324397
1.58,71.90512030785507,45.78353165149288,3.1098697708616974,2.732092021823453,60.81510271079333,122.2740839440373,-61.45898123324397
1.6,72.83627768971328,45.76594147341991,3.1193183899024537,2.7691785036593823,60.81510271079333,122.2740839440373,-61.45898123324397
1.62,73.76712169924046,45.75370623210767,3.129297751341638,2.7774774087938567,60.81510271079333,122.2740839440373,-61.45898123324397
1.6400000000000001,74.69775423636749,45.74654427715721,3.1392480885553615,2.757603623712878,60.81510271079333,122.2740839440373,-61.45898123324397
1.6600000000000001,75.628269859229,45.743874172693616,3.1486327893730137,2.7118272883188945,60.81510271079333,122.2740839440373,-61.45898123324397
1.68,76.55875103240062,45.7448732476729,3.1569665515863674,2.643823355585911,60.81510271079333,122.2740839440373,-61.45898123324397
1.7,77.48926430882808,45.74854856199711,3.16383908353832,2.5583421814419594,60.81510271079333,122.2740839440373,-61.45898123324397
1.72,78.41985754565641,45.753811513269774,3.1689334457834097,2.4608450346055433,60.81510271079333,122.2740839440373,-61.45898123324397
1.74,79.35055818714912,45.759549392301594,3.172038614083787,2.3571410501645476,60.81510271079333,122.2740839440373,-61.45898123324397
1.76,80.28137260946936,45.764689615076506,3.173056193149332,2.253050272162178,60.81510271079333,122.2740839440373,-61.45898123324397
1.78,81.21228650178601,45.76825425909065,3.1720014152482894,2.1541060722664818,60.81510271079333,122.2740839440373,-61.45898123324397
1.8,82.14326624139429,45.76940367910715,3.16899866408094,2.0653022991937813,60.81510271079333,122.2740839440373,-61.45898123324397
1.82,83.07426119594511,45.767468613014465,3.1642718417137754,1.9908865105635476,60.81510271079333,122.2740839440373,-61.45898123324397
1.84,84.00520684899794,45.761970705522764,3.158130007763851,1.9341994747137927,60.81510271079333,122.2740839440373,-61.45898123324397
1.86,84.9360285986336,45.75263202838749,3.1509489001594226,1.8975612073677737,60.81510271079333,122.2740839440373,-61.45898123324397
1.8800000000000001,85.86664603073903,45.73937493013188,3.143149191787879,1.882203868963847,60.81510271079333,122.2740839440373,-61.45898123324397
1.9000000000000001,86.79697742902911,45.72231413327544,3.1351726058329406,1.8882513729593111,60.81510271079333,122.2740839440373,-61.45898123324397
1.92,87.7269442619814,45.70174308953336,3.127457239631275,1.9147447016170023,60.81510271079333,122.2740839440373,-61.45898123324397
1.94,88.65647538758104,45.67811606547724,3.120413567627944,1.9597111445734026,60.81510271079333,122.2740839440373,-61.45898123324397
1.96,89.58551073952417,45.652026446181516,3.114402568926317,2.020275254900885,60.81510271079333,122.2740839440373,-61.45898123324397
1.98,90.51400429809993,45.62418075687782,3.1097172544048215,2.0928091248686864,60.81510271079333,122.2740839440373,-61.45898123324397
2.0,91.44192619828604,45.59536739721065,3.106568589441101,2.173119120681862,60.81510271079333,122.2740839440373,-61.45898123324397
2.02,92.36926388076307,45.56641934869167,3.105076475672642,2.256664887653361,60.81510271079333,122.2740839440373,-61.45898123324397
2.04,93.29602224558461,45.5381711353441,3.105266117872533,2.3388038550143864,60.81510271079333,122.2740839440373,-61.45898123324397
2.06,94.22222282266976,45.51141180480374,3.1070697875066653,2.4150506705401074,60.81510271079333,122.2740839440373,-61.45898123324397
2.08,95.1479020283154,45.486837221675295,3.110333707835877,2.4813365725153465,60.81510271079333,122.2740839440373,-61.45898123324397
2.1,96.07310863128022,45.46500607677908,3.114829519940917,2.534249814967984,60.81510271079333,122.2740839440373,-61.45898123324397
2.12,96.99790060169742,45.44630435002448,3.1202695420545394,2.5712364013950935,60.81510271079333,122.2740839440373,-61.45898123324397
2.14,97.92234155485193,45.430922336160855,3.1263248179943104,2.59074188965041,60.81510271079333,122.2740839440373,-61.45898123324397
2.16,98.84649702311485,45.41884682597668,3.132644790978861,2.5922804152244687,60.81510271079333,122.2740839440373,-61.45898123324397
2.18,99.77043078889896,45.409868977901596,3.138877367411923,2.576425562017859,60.81510271079333,122.2740839440373,-61.45898123324397
2.2,100.69420148980795,45.40360633742434,3.1446881704519267,2.544727332699224,60.81510271079333,122.2740839440373,-61.45898123324397
2.22,101.61785966950829,45.39953586655954,3.149777921240594,2.499567837004821,60.81510271079333,122.2740839440373,-61.45898123324397
2.24,102.54144540254151,45.39703402653625,3.153897098447301,2.4439735659380464,60.81510271079333,122.2740839440373,-61.45898123324397
2.2600000000000002,103.46498657643562,45.39541991813204,3.156857272625552,2.381403602255736,60.81510271079333,122.2740839440373,-61.45898123324397
2.2800000000000002,104.38849787528942,45.393998002465906,3.1585387510229928,2.3155314279831267,60.81510271079333,122.2740839440373,-61.45898123324397
2.3000000000000003,105.31198047678008,45.39209769856148,3.1588943756537033,2.250034463029178,60.81510271079333,122.2740839440373,-61.45898123324397
2.32,106.23542244746164,45.38910794090052,3.157949486359468,2.1884015047062646,60.81510271079333,122.2740839440373,-61.45898123324397
2.34,107.15879979623722,45.38450546321347,3.155798200400152,2.1337648096841795,60.81510271079333,122.2740839440373,-61.45898123324397
2.36,108.08207812061883,45.377876143321394,3.1525962869438198,2.0887610583251597,60.81510271079333,122.2740839440373,-61.45898123324397
2.38,109.00521475426815,45.36892923121984,3.148551042569228,2.05542379273794,60.81510271079333,122.2740839440373,-61.45898123324397
2.4,109.92816129879444,45.35750470490161,3.1439087073711804,2.035108827712138,60.81510271079333,122.2740839440373,-61.45898123324397
2.42,110.85086640078757,45.343574328371226,3.1389400934973763,2.0284533006525285,60.81510271079333,122.2740839440373,-61.45898123324397
2.44,111.77327861992978,45.32723717010366,3.1339252120398404,2.0353682751850455,60.81510271079333,122.2740839440373,-61.45898123324397
2.46,112.69534922844964,45.30871034194058,3.1291377590128393,2.0550640905513746,60.81510271079333,122.2740839440373,-61.45898123324397
2.48,113.61703478738907,45.28831556169093,3.124830338719205,2.0861069567232917,60.81510271079333,122.2740839440373,-61.45898123324397
2.5,114.5382993606906,45.26646192085705,3.1212212546411715,2.1265046076302476,60.81510271079333,122.2740839440373,-61.45898123324397
2.52,115.45911625218254,45.243625084597156,3.1184835876305947,2.1738180521352293,60.81510271079333,122.2740839440373,-61.45898123324397
2.54,116.37946918072706,45.220323180731846,3.1167371222404965,2.2252954770357483,60.81510271079333,122.2740839440373,-61.45898123324397
2.56,117.29935284275848,45.19708989775408,3.116043493079995,2.278023065273939,60.81510271079333,122.2740839440373,-61.45898123324397
2.58,118.21877284726015,45.174445768605686,3.1164047219191295,2.329085917006868,60.81510271079333,122.2740839440373,-61.45898123324397
2.6,119.13774504433277,45.152869150545335,3.1177651165234983,2.3757305910287907,60.81510271079333,122.2740839440373,-61.45898123324397
2.62,120.05629430330075,45.13276886433251,3.1200163129598146,2.4155193799842842,60.81510271079333,122.2740839440373,-61.45898123324397
2.64,120.97445282782765,45.11446067642251,3.12300507119412,2.4464657603905313,60.81510271079333,122.2740839440373,-61.45898123324397
2.66,121.8922581214006,45.098149693638454,3.1265432864956537,2.467140953020621,60.81510271079333,122.2740839440373,-61.45898123324397
2.68,122.80975073436889,45.08392027017134,3.1304195655419145,2.476743424143597,60.81510271079333,122.2740839440373,-61.45898123324397
2.7,123.72697193164574,45.07173427353796,3.13441164592251,2.4751263456904367,60.81510271079333,122.2740839440373,-61.45898123324397
2.72,124.64396141759836,45.06143766595966,3.138298918250195,2.4627820350817453,60.81510271079333,122.2740839440373,-61.45898123324397
2.74,125.56075524251409,45.05277450804193,3.1418743428253553,2.4407864860742503,60.81510271079333,122.2740839440373,-61.45898123324397
2.7600000000000002,126.4773839956446,45.04540683601081,3.1449551318585143,2.4107105335995755,60.81510271079333,122.2740839440373,-61.45898123324397
2.7800000000000002,127.39387136618397,45.03893848833907,3.1473916813649336,2.3745064382734573,60.81510271079333,122.2740839440373,-61.45898123324397
2.8000000000000003,128.31023312844795,45.03294086811763,3.149074368743659,2.3343795545397454,60.81510271079333,122.2740839440373,-61.45898123324397
2.82,129.22647658299047,45.026978767080436,3.1499379686115,2.292654428539841,60.81510271079333,122.2740839440373,-61.45898123324397
2.84,130.1426004623711,45.02063466134012,3.1499635708100104,2.251643541019538,60.81510271079333,122.2740839440373,-61.45898123324397
2.86,131.05859528890153,45.013530238822774,3.149178006073683,2.213525396432157,60.81510271079333,122.2740839440373,-61.45898123324397
2.88,131.97444415173035,45.00534427874308,3.14765089631165,2.180237104815141,60.81510271079333,122.2740839440373,-61.45898123324397
2.9,132.89012385199143,44.99582634286028,3.145489549338555,2.1533852054699323,60.81510271079333,122.2740839440373,-61.45898123324397
2.92,133.80560634780963,44.98480603958225,3.1428320129858482,2.1341773033795297,60.81510271079333,122.2740839440373,-61.45898123324397
2.94,134.72086041657832,44.97219787231763,3.1398386890863597,2.1233761072669415,60.81510271079333,122.2740839440373,-61.45898123324397
2.96,135.63585344125391,44.95800187069384,3.136682979114386,2.1212766167024717,60.81510271079333,122.2740839440373,-61.45898123324397
2.98,136.55055322158535,44.94230032035052,3.133541483510746,2.1277064522826654,60.81510271079333,122.2740839440373,-61.45898123324397
3.0,137.46492971101185,44.92525095973303,3.1305842990700956,2.1420486192660557,60.81510271079333,122.2740839440373,-61.45898123324397
3.02,138.378956585663,44.907077023491794,3.1279659484356066,2.1632853115493837,60.81510271079333,122.2740839440373,-61.45898123324397
3.04,139.29261256313032,44.888054517970296,3.1258174315987506,2.1900606709188164,60.81510271079333,122.2740839440373,-61.45898123324397
3.06,140.205882404607,44.868497152782034,3.124239814284482,2.2207596895209494,60.81510271079333,122.2740839440373,-61.45898123324397
3.08,141.1187575534638,44.848739448455156,3.123299668502854,2.2535996695400553,60.81510271079333,122.2740839440373,-61.45898123324397
3.1,142.0312363850801,44.82911869391957,3.123026564535929,2.2867298550149515,60.81510271079333,122.2740839440373,-61.45898123324397
3.12,142.94332406548932,44.809956612196366,3.1234126897425694,2.3183340978939815,60.81510271079333,122.2740839440373,-61.45898123324397
3.14,143.85503203885025,44.791541760204474,3.1244145457108377,2.3467308365446087,60.81510271079333,122.2740839440373,-61.45898123324397
3.16,144.76637718462106,44.774113784173935,3.125956558437677,2.37046440592768,60.81510271079333,122.2740839440373,-61.45898123324397
3.18,145.67738070330074,44.757850629983174,3.127936332569441,2.3883819151386496,60.81510271079333,122.2740839440373,-61.45898123324397
3.2,146.58806680349744,44.74285964542649,3.1302311959367186,2.3996907151660354,60.81510271079333,122.2740839440373,-61.45898123324397
3.22,147.49846127192055,44.729173217884565,3.132705619612512,2.403992832025939,60.81510271079333,122.2740839440373,-61.45898123324397
3.24,148.4085900111386,44.716749205416725,3.1352190651932133,2.4012945311840355,60.81510271079333,122.2740839440373,-61.45898123324397
3.2600000000000002,149.31847762762956,44.7054760017344,3.137633806557818,2.391991177776553,60.81510271079333,122.2740839440373,-61.45898123324397
3.2800000000000002,150.22814614537745,44.69518169039414,3.1398222969508702,2.376829482754151,60.81510271079333,122.2740839440373,-61.45898123324397
3.3000000000000003,151.1376139090881,44.68564644385936,3.141673700128323,2.3568508183328767,60.81510271079333,122.2740839440373,-61.45898123324397
3.3200000000000003,152.0468947272581,44.6766171391024,3.1430992707685808,2.3333203719817766,60.81510271079333,122.2740839440373,-61.45898123324397
3.34,152.95599729004618,44.66782309788347,3.144036347802872,2.30764742736956,60.81510271079333,122.2740839440373,-61.45898123324397
3.36,153.86492488114857,44.658991900879144,3.1444508085524197,2.2813020626336233,60.81510271079333,122.2740839440373,-61.45898123324397
3.38,154.7736753873699,44.64986434316337,3.1443379166025993,2.255733162390326,60.81510271079333,122.2740839440373,-61.45898123324397
3.4,155.68224159477717,44.6402077645479,3.143721578728716,2.2322919960904826,60.81510271079333,122.2740839440373,-61.45898123324397
3.42,156.59061174657597,44.62982717595188,3.1426521036506783,2.212164852545877,60.81510271079333,122.2740839440373,-61.45898123324397
3.44,157.4987703255188,44.61857379207566,3.1412026262375567,2.1963174325295527,60.81510271079333,122.2740839440373,-61.45898123324397
3.46,158.4066990131699,44.60635075650161,3.1394644232216726,2.185452941334364,60.81510271079333,122.2740839440373,-61.45898123324397
3.48,159.31437777021597,44.59311599790474,3.137541398247539,2.179985111813786,60.81510271079333,122.2740839440373,-61.45898123324397
3.5,160.22178597672553,44.578882279827184,3.1355440524401748,2.1800267267995985,60.81510271079333,122.2740839440373,-61.45898123324397
3.52,161.1289035692347,44.56371460110056,3.133583278837954,2.1853935900619614,60.81510271079333,122.2740839440373,-61.45898123324397
3.54,162.03571211298447,44.54772517469416,3.1317643227797665,2.1956233071108966,60.81510271079333,122.2740839440373,-61.45898123324397
3.56,162.94219575252674,44.53106626933427,3.130181234643789,2.2100076724478916,60.81510271079333,122.2740839440373,-61.45898123324397
3.58,163.84834199196058,44.51392125225404,3.1289121067733157,2.227636913777539,60.81510271079333,122.2740839440373,-61.45898123324397
3.6,164.75414226674383,44.496494232105654,3.1280153351954705,2.2474535193390066,60.81510271079333,122.2740839440373,-61.45898123324397
3.62,165.65959228166864,44.478998771265374,3.1275270823953565,2.2683128873119904,60.81510271079333,122.2740839440373,-61.45898123324397
3.64,166.56469210341328,44.4616462108039,3.1274600443799625,2.289047617365141,60.81510271079333,122.2740839440373,-61.45898123324397
3.66,167.46944601025365,44.44463421560597,3.1278035483518427,2.30853196076356,60.81510271079333,122.2740839440373,-61.45898123324397
3.68,168.37386211519268,44.42813618319989,3.1285249312773047,2.325742813965972,60.81510271079333,122.2740839440373,-61.45898123324397
3.7,169.2779517911305,44.412292150031554,3.1295720789453276,2.3398137364692695,60.81510271079333,122.2740839440373,-61.45898123324397
3.72,170.181728937007,44.39720176141311,3.130876943772275,2.350078834365606,60.81510271079333,122.2740839440373,-61.45898123324397
3.74,171.08520913149104,44.38291974448471,3.1323598109917,2.3561039812584856,60.81510271079333,122.2740839440373,-61.45898123324397
3.7600000000000002,171.98840872535212,44.36945414708098,3.1339340495367334,2.3577037099551013,60.81510271079333,122.2740839440373,-61.45898123324397
3.7800000000000002,172.89134392496018,44.35676739913382,3.135511067386538,2.3549431222327315,60.81510271079333,122.2740839440373,-61.45898123324397
3.8000000000000003,173.79402991751724,44.3447800425799,3.137005191687342,2.3481252214383437,60.81510271079333,122.2740839440373,-61.45898123324397
3.8200000000000003,174.69648008397186,44.33337678619304,3.1383382105698936,2.337765057353574,60.81510271079333,122.2740839440373,-61.45898123324397
3.84,175.59870533862482,44.322414393788684,3.139443344130247,2.324552883861914,60.81510271079333,122.2740839440373,-61.45898123324397
3.86,176.50071362581622,44.311730819914736,3.140268453576362,2.309309100659564,60.81510271079333,122.2740839440373,-61.45898123324397
3.88,177.4025095944136,44.30115496929514,3.1407783467527337,2.2929340558319535,60.81510271079333,122.2740839440373,-61.45898123324397
3.9,178.30409446066713,44.29051646995178,3.140956091861728,2.276355840867036,60.81510271079333,122.2740839440373,-61.45898123324397
3.92,179.20546605985353,44.27965490500203,3.140803306251215,2.260479055438677,60.81510271079333,122.2740839440373,-61.45898123324397
3.94,180.10661907741687,44.268428032288796,3.1403394411164784,2.2461372107038637,60.81510271079333,122.2740839440373,-61.45898123324397
3.96,181.00754544139656,44.2567186220052,3.1396001337415065,2.2340510311447677,60.81510271079333,122.2740839440373,-61.45898123324397
3.98,181.9082348501559,44.244439649611095,3.138634744607691,2.224794451353933,60.81510271079333,122.2740839440373,-61.45898123324397
4.0,182.80867540310547,44.23153768614706,3.137503235583453,2.2187696183713386,60.81510271079333,122.2740839440373,-61.45898123324397
4.0200000000000005,183.70885429755015,44.217994424658215,3.1362725758181407,2.216191723203174,60.81510271079333,122.2740839440373,-61.45898123324397
4.04,184.6087585522086,44.2038263666542,3.1350128823932413,2.217084008997887,60.81510271079333,122.2740839440373,-61.45898123324397
4.0600000000000005,185.50837571751055,44.18908276574409,3.133793512048479,2.2212828445133543,60.81510271079333,122.2740839440373,-61.45898123324397
4.08,186.4076945344998,44.17384198830082,3.1326793177404673,2.228452314061228,60.81510271079333,122.2740839440373,-61.45898123324397
4.1,187.3067055079601,44.158206505929456,3.131727269450112,2.238107363325356,60.81510271079333,122.2740839440373,-61.45898123324397
4.12,188.2054013650057,44.14229678423603,3.130983613365018,2.2496441609248636,60.81510271079333,122.2740839440373,-61.45898123324397
4.14,189.1037773774925,44.126244378054736,3.130481708920804,2.262375998991271,60.81510271079333,122.2740839440373,-61.45898123324397
4.16,190.0018315347736,44.11018458358229,3.130240641418106,2.2755727780549115,60.81510271079333,122.2740839440373,-61.45898123324397
4.18,190.89956456205232,44.09424902881943,3.130264661700323,2.2885019226261543,60.81510271079333,122.2740839440373,-61.45898123324397
4.2,191.7969797883505,44.07855859941068,3.1305434565533665,2.30046847709096,60.81510271079333,122.2740839440373,-61.45898123324397
4.22,192.6940828763988,44.0632170910406,3.131053206949969,2.310852158640888,60.81510271079333,122.2740839440373,-61.45898123324397
4.24,193.5908814340798,44.04830594706567,3.1317583487100107,2.3191393099340614,60.81510271079333,122.2740839440373,-61.45898123324397
4.26,194.48738453300544,44.03388037928008,3.1326139139595535,2.3249480018367725,60.81510271079333,122.2740839440373,-61.45898123324397
4.28,195.38360216406636,44.0199670830899,3.1335683038578312,2.328044972536145,60.81510271079333,122.2740839440373,-61.45898123324397
4.3,196.27954466216102,44.006563652618404,3.134566324759287,2.3283536230069726,60.81510271079333,122.2740839440373,-61.45898123324397
4.32,197.17522213274017,43.99363968636801,3.1355523119604496,2.325952875458814,60.81510271079333,122.2740839440373,-61.45898123324397
4.34,198.07064391136387,43.98113946151787,3.1364731674252235,2.3210672882812364,60.81510271079333,122.2740839440373,-61.45898123324397
4.36,198.9658180843638,43.96898595571372,3.1372811496979285,2.3140493559031907,60.81510271079333,122.2740839440373,-61.45898123324397
4.38,199.8607510942185,43.95708591798014,3.137936274349852,2.3053553612902538,60.81510271079333,122.2740839440373,-61.45898123324397
4.4,200.7554474477241,43.94533564039671,3.13840821010621,2.2955164634991063,60.81510271079333,122.2740839440373,-61.45898123324397
4.42,201.6499095388397,43.93362706094597,3.138677587385808,2.285106880755203,60.81510271079333,122.2740839440373,-61.45898123324397
4.44,202.54413759155767,43.92185383368369,3.1387366704169555,2.274711074651319,60.81510271079333,122.2740839440373,-61.45898123324397
4.46,203.43812972163042,43.909917030931204,3.138589379497576,2.2648917688947985,60.81510271079333,122.2740839440373,-61.45898123324397
4.48,204.33188210977985,43.89773018803942,3.1382506846085527,2.2561604689788313,60.81510271079333,122.2740839440373,-61.45898123324397
4.5,205.22538927340048,43.88522345855565,3.137745423892165,2.2489519116365835,60.81510271079333,122.2740839440373,-61.45898123324397
4.5200000000000005,206.1186444189869,43.87234671085305,3.137106629060386,2.243603587825361,60.81510271079333,122.2740839440373,-61.45898123324397
4.54,207.0116398537811,43.85907146185844,3.136373463356325,2.2403411696487594,60.81510271079333,122.2740839440373,-61.45898123324397
4.5600000000000005,207.90436743261293,43.84539160599385,3.1355888952032114,2.239270345418039,60.81510271079333,122.2740839440373,-61.45898123324397
4.58,208.79681901471042,43.8313229556067,3.134797241328143,2.2403752398286696,60.81510271079333,122.2740839440373,-61.45898123324397
4.6000000000000005,209.68898690543608,43.816901661874525,3.1340417164417222,2.243523277347779,60.81510271079333,122.2740839440373,-61.45898123324397
4.62,210.58086425943162,43.80218163209277,3.1333621223666053,2.2484760444398697,60.81510271079333,122.2740839440373,-61.45898123324397
4.64,211.47244542443005,43.787231100394145,3.132792798137722,2.2549054280728447,60.81510271079333,122.2740839440373,-61.45898123324397
4.66,212.363726208843,43.7721285441717,3.1323609347747445,2.26241406256927,60.81510271079333,122.2740839440373,-61.45898123324397
4.68,213.2547040609201,43.75695816710606,3.132085335277696,2.270558913926103,60.81510271079333,122.2740839440373,-61.45898123324397
4.7,214.14537815252083,43.74180519032128,3.1319756733619384,2.27887668084205,60.81510271079333,122.2740839440373,-61.45898123324397
4.72,215.0357493660267,43.72675120378333,3.1320322751865635,2.2869096057071765,60.81510271079333,122.2740839440373,-61.45898123324397
4.74,215.92582018833036,43.71186982837071,3.1322464185959116,2.294230276340965,60.81510271079333,122.2740839440373,-61.45898123324397
4.76,216.81559452085818,43.697222923250415,3.132601115923893,2.3004640667631926,60.81510271079333,122.2740839440373,-61.45898123324397
4.78,217.70507741893,43.68285754250488,3.1330723208122966,2.3053080139859174,60.81510271079333,122.2740839440373,-61.45898123324397
4.8,218.59427477720698,43.66880380015498,3.133630478149122,2.308545152118104,60.81510271079333,122.2740839440373,-61.45898123324397
4.82,219.48319298035184,43.655073746355846,3.1342423202168446,2.3100536118427226,60.81510271079333,122.2740839440373,-61.45898123324397
4.84,220.37183853923258,43.64166129374107,3.1348728021642014,2.309810122524625,60.81510271079333,122.2740839440373,-61.45898123324397
4.86,221.2602177330245,43.62854316687011,3.135487066291223,2.307887900885837,60.81510271079333,122.2740839440373,-61.45898123324397
4.88,222.14833627645817,43.61568078503856,3.1360523272786316,2.3044492474964566,60.81510271079333,122.2740839440373,-61.45898123324397
4.9,223.03619902934878,43.60302293443407,3.1365395789427395,2.299733474951906,60.81510271079333,122.2740839440373,-61.45898123324397
4.92,223.92380976259105,43.59050904373028,3.1369250365885,2.294041038835506,60.81510271079333,122.2740839440373,-61.45898123324397
4.94,224.81117099122193,43.578072850141616,3.137191246567595,2.287714920431297,60.81510271079333,122.2740839440373,-61.45898123324397
4.96,225.69828388116017,43.565646231492074,3.1373278150807544,2.2811204122471147,60.81510271079333,122.2740839440373,-61.45898123324397
4.98,226.58514823205488,43.55316298325993,3.1373317303843735,2.274624484417704,60.81510271079333,122.2740839440373,-61.45898123324397
5.0,227.47176253453327,43.54056233596429,3.137207275163798,2.2685758683395902,60.81510271079333,122.2740839440373,-61.45898123324397
5.0200000000000005,228.35812409623634,43.52779203503892,3.136965547765524,2.2632868935758097,60.81510271079333,122.2740839440373,-61.45898123324397
5.04,229.24422922755605,43.51481083956263,3.1366236311736047,2.259017967174161,60.81510271079333,122.2740839440373,-61.45898123324397
5.0600000000000005,230.13007347509824,43.50159033499813,3.1362034661253184,2.2559654034255194,60.81510271079333,122.2740839440373,-61.45898123324397
5.08,231.01565188872266,43.48811599585529,3.135730498784947,2.254253108436571,60.81510271079333,122.2740839440373,-61.45898123324397
5.1000000000000005,231.90095930664899,43.474387474819096,3.135232183301816,2.2539284082332496,60.81510271079333,122.2740839440373,-61.45898123324397
5.12,232.78599064262053,43.460418133747176,3.1347364249412797,2.2549620907529118,60.81510271079333,122.2740839440373,-61.45898123324397
5.14,233.67074115949254,43.44623386787174,3.1342700500975216,2.25725251931349,60.81510271079333,122.2740839440373,-61.45898123324397
5.16,234.55520671482304,43.431871306681145,3.1338573854288,2.2606334755580724,60.81510271079333,122.2740839440373,-61.45898123324397
5.18,235.43938396600896,43.417375502608394,3.1335190199105853,2.2648852106635124,60.81510271079333,122.2740839440373,-61.45898123324397
5.2,236.3232705251017,43.4027972411222,3.133270811337508,2.2697480317540544,60.81510271079333,122.2740839440373,-61.45898123324397
5.22,237.20686505649894,43.38819012231128,3.133123183492974,2.274937632711076,60.81510271079333,122.2740839440373,-61.45898123324397
5.24,238.0901673140588,43.373607573688794,3.1330807427836547,2.280161301116568,60.81510271079333,122.2740839440373,-61.45898123324397
5.26,238.97317811762125,43.359099955841884,3.133142224647607,2.285134101033176,60.81510271079333,122.2740839440373,-61.45898123324397
5.28,239.85589927225598,43.34471191602675,3.1333007615699633,2.2895941480213096,60.81510271079333,122.2740839440373,-61.45898123324397
5.3,240.73833343659464,43.330480129605796,3.1335444471283083,2.2933161589414395,60.81510271079333,122.2740839440373,-61.45898123324397
5.32,241.62048394918858,43.31643154571439,3.1338571550953094,2.2961225721446974,60.81510271079333,122.2740839440373,-61.45898123324397
5.34,242.50235462382776,43.30258222286132,3.134219560051798,2.2978916874688977,60.81510271079333,122.2740839440373,-61.45898123324397
5.36,243.38394952606987,43.288936804187415,3.1346102968165894,2.2985624604063273,60.81510271079333,122.2740839440373,-61.45898123324397
5.38,244.26527274381502,43.275488643312045,3.1350071906614922,2.2981357884565456,60.81510271079333,122.2740839440373,-61.45898123324397
5.4,245.14632816461713,43.26222055290867,3.1353884888937658,2.2966723359113947,60.81510271079333,122.2740839440373,-61.45898123324397
5.42,246.0271192715887,43.249106112201844,3.1357340268610465,2.294287141794459,60.81510271079333,122.2740839440373,-61.45898123324397
5.44,246.9076489683088,43.23611143898804,3.1360262674577055,2.291141431293347,60.81510271079333,122.2740839440373,-61.45898123324397
5.46,247.7879194411912,43.223197308489624,3.1362511622971576,2.287432193193625,60.81510271079333,122.2740839440373,-61.45898123324397
5.48,248.66793206544043,43.21032148654546,3.136398794232909,2.2833801873154527,60.81510271079333,122.2740839440373,-61.45898123324397
5.5,249.5476873581555,43.19744113872221,3.1364637741399686,2.2792171032140884,60.81510271079333,122.2740839440373,-61.45898123324397
5.5200000000000005,250.42718497948326,43.184515179562915,3.136445379037573,2.27517260438261,60.81510271079333,122.2740839440373,-61.45898123324397
5.54,251.3064237801122,43.1715064364491,3.1363474329673386,2.2714619637861797,60.81510271079333,122.2740839440373,-61.45898123324397
5.5600000000000005,252.1854018909721,43.15838351910565,3.136177945790355,2.2682749318420004,60.81510271079333,122.2740839440373,-61.45898123324397
5.58,253.06411684887757,43.14512230707195,3.135948537544293,2.265766383399035,60.81510271079333,122.2740839440373,-61.45898123324397
5.6000000000000005,253.94256575013048,43.13170699189919,3.1356736866048225,2.2640491730007644,60.81510271079333,122.2740839440373,-61.45898123324397
5.62,254.82074542285068,43.1181306368928,3.135369848130539,2.263189495007964,60.81510271079333,122.2740839440373,-61.45898123324397
5.64,255.69865260809158,43.10439524354717,3.135054494771976,2.2632049040884024,60.81510271079333,122.2740839440373,-61.45898123324397
5.66,256.57628413963863,43.090511339258924,3.134745134173333,2.2640650088415666,60.81510271079333,122.2740839440373,-61.45898123324397
5.68,257.4536371127802,43.076497124488064,3.134458357327761,2.265694713176805,60.81510271079333,122.2740839440373,-61.45898123324397
5.7,258.33070903324665,43.06237723845164,3.134208968462608,2.2679797523193823,60.81510271079333,122.2740839440373,-61.45898123324397
5.72,259.20749793887126,43.04818121998141,3.1340092410865616,2.2707741583492913,60.81510271079333,122.2740839440373,-61.45898123324397
5.74,260.0840024882518,43.03394175373139,3.133868336526147,2.2739091988433944,60.81510271079333,122.2740839440373,-61.45898123324397
5.76,260.9602220126778,43.01969280092661,3.1337919112338994,2.2772032657078727,60.81510271079333,122.2740839440373,-61.45898123324397
5.78,261.8361565297168,43.00546771783561,3.1337819279718966,2.280472152999546,60.81510271079333,122.2740839440373,-61.45898123324397
5.8,262.711806719007,42.99129746380936,3.133836674319248,2.2835391546209673,60.81510271079333,122.2740839440373,-61.45898123324397
5.82,263.58717386285065,42.97720899396822,3.1339509804872567,2.286244435935565,60.81510271079333,122.2740839440373,-61.45898123324397
5.84,264.46225975604574,42.96322391964638,3.1341166177871354,2.2884531865348268,60.81510271079333,122.2740839440373,-61.45898123324397
5.86,265.33706659092235,42.94935750308888,3.134322849850118,2.2900621416458815,60.81510271079333,122.2740839440373,-61.45898123324397
5.88,266.21159682470136,42.93561803257247,3.1345571013164437,2.291004162166,60.81510271079333,122.2740839440373,-61.45898123324397
5.9,267.0858530370068,42.92200660134594,3.134805703531569,2.291250681596008,60.81510271079333,122.2740839440373,-61.45898123324397
5.92,267.9598377856248,42.90851729004266,3.135054674019146,2.29081195459884,60.81510271079333,122.2740839440373,-61.45898123324397
5.94,268.8335534684076,42.89513772908458,3.135290486199475,2.2897351683784106,60.81510271079333,122.2740839440373,-61.45898123324397
5.96,269.70700219860595,42.881849996590915,3.135500787906694,2.2881005965757875,60.81510271079333,122.2740839440373,-61.45898123324397
5.98,270.5801856999225,42.868631789739034,3.135675031516548,2.2860160787885047,60.81510271079333,122.2740839440373,-61.45898123324397
6.0,271.4531052262883,42.85545779439547,3.1358049846087237,2.283610191427006,60.81510271079333,122.2740839440373,-61.45898123324397
6.0200000000000005,272.32576150984954,42.84230116974867,3.1358850976484174,2.28102453350861,60.81510271079333,122.2740839440373,-61.45898123324397
6.04,273.19815473900667,42.829135061833476,3.135912713718365,2.2784055821666587,60.81510271079333,122.2740839440373,-61.45898123324397
6.0600000000000005,274.07028456666364,42.815934062061615,3.135888114372289,2.2758965769995134,60.81510271079333,122.2740839440373,-61.45898123324397
6.08,274.94215014721146,42.80267553366731,3.1358144047170895,2.273629871416592,60.81510271079333,122.2740839440373,-61.45898123324397
6.1000000000000005,275.8137501992719,42.78934073961269,3.135697249388156,2.2717201456762326,60.81510271079333,122.2740839440373,-61.45898123324397
6.12,276.6850830899393,42.77591571909972,3.135544478726,2.2702588141079323,60.81510271079333,122.2740839440373,-61.45898123324397
6.140000000000001,277.55614693524035,42.762391875467316,3.1353655908201743,2.2693098824121836,60.81510271079333,122.2740839440373,-61.45898123324397
6.16,278.42693971082997,42.74876625498216,3.1351711798621698,2.268907424567934,60.81510271079333,122.2740839440373,-61.45898123324397
6.18,279.297459366585,42.73504151298072,3.134972324236409,2.2690547574455575,60.81510271079333,122.2740839440373,-61.45898123324397
6.2,280.1677039387508,42.721225580189405,3.134779968869667,2.269725299312773,60.81510271079333,122.2740839440373,-61.45898123324397
6.22,281.0376716536372,42.70733105713186,3.134604335549423,2.2708650103976873,60.81510271079333,122.2740839440373,-61.45898123324397
6.24,281.90736101751173,42.69337437771283,3.13445439230798,2.2723962335827346,60.81510271079333,122.2740839440373,-61.45898123324397
6.26,282.7767708882649,42.679374793820145,3.1343374087449085,2.2742226847803537,60.81510271079333,122.2740839440373,-61.45898123324397
6.28,283.6459005255573,42.66535324067633,3.134258618602709,2.276235288705363,60.81510271079333,122.2740839440373,-61.45898123324397
6.3,284.5147496174414,42.651331147363095,3.134221004364072,2.2783185190922572,60.81510271079333,122.2740839440373,-61.45898123324397
6.32,285.3833182827976,42.63732925821971,3.134225211494477,2.28035688461366,60.81510271079333,122.2740839440373,-61.45898123324397
6.34,286.2516070502689,42.62336652860839,3.1342695926247734,2.2822412036295767,60.81510271079333,122.2740839440373,-61.45898123324397
6.36,287.1196168156361,42.609459152946236,3.1343503748665023,2.2838743321930597,60.81510271079333,122.2740839440373,-61.45898123324397
6.38,287.9873487806872,42.59561977421539,3.134461936964096,2.285176049116901,60.81510271079333,122.2740839440373,-61.45898123324397
6.4,288.85480437753984,42.581856912869576,3.134597177451231,2.2860868569394546,60.81510271079333,122.2740839440373,-61.45898123324397
6.42,289.7219851830316,42.56817463982243,3.134747950666441,2.286570524907851,60.81510271079333,122.2740839440373,-61.45898123324397
6.44,290.58889282817563,42.55457250384286,3.134905544589626,2.2866152754393694,60.81510271079333,122.2740839440373,-61.45898123324397
6.46,291.4555289077701,42.54104570908546,3.1350611730932862,2.286233594258474,60.81510271079333,122.2740839440373,-61.45898123324397
6.48,292.32189489506675,42.52758552455711,3.135206455377948,2.28546072173251,60.81510271079333,122.2740839440373,-61.45898123324397
6.5,293.1879920659547,42.51417989490514,3.135333857011859,2.284351954265064,60.81510271079333,122.2740839440373,-61.45898123324397
6.5200000000000005,294.05382143644397,42.50081421172127,3.1354370699742464,2.2829789459359584,60.81510271079333,122.2740839440373,-61.45898123324397
6.54,294.9193837163805,42.48747219712023,3.1355113131968038,2.281425248715566,60.81510271079333,122.2740839440373,-61.45898123324397
6.5600000000000005,295.784679281343,42.47413684698978,3.1355535400461716,2.279781362351333,60.81510271079333,122.2740839440373,-61.45898123324397
6.58,296.6497081636223,42.460791380117776,3.135562544693208,2.2781395813274012,60.81510271079333,122.2740839440373,-61.45898123324397
6.6000000000000005,297.5144700621197,42.44742014127197,3.1355389650578056,2.276588926091302,60.81510271079333,122.2740839440373,-61.45898123324397
6.62,298.37896436998653,42.43400941094982,3.135485185685798,2.275210429933147,60.81510271079333,122.2740839440373,-61.45898123324397
6.640000000000001,299.2431902179055,42.420548081503966,3.135405149207686,2.274073023194094,60.81510271079333,122.2740839440373,-61.45898123324397
6.66,300.10714653014264,42.40702816816231,3.1353040896782582,2.2732302151856825,60.81510271079333,122.2740839440373,-61.45898123324397
6.68,300.97083208990216,42.39344513352861,3.135188204874974,2.2727177240561955,60.81510271079333,122.2740839440373,-61.45898123324397
6.7,301.83424561012976,42.37979801488389,3.1350642873672645,2.272552148831899,60.81510271079333,122.2740839440373,-61.45898123324397
6.72,302.6973858057423,42.36608935443961,3.13493933574482,2.272730719074438,60.81510271079333,122.2740839440373,-61.45898123324397
6.74,303.56025146331694,42.35232494308567,3.1348201677614607,2.2732320990821724,60.81510271079333,122.2740839440373,-61.45898123324397
6.76,304.4228415045428,42.338513397647574,3.1347130563290633,2.274018168231301,60.81510271079333,122.2740839440373,-61.45898123324397
6.78,305.2851550401973,42.3246655997956,3.1346234073639634,2.275036649566586,60.81510271079333,122.2740839440373,-61.45898123324397
6.8,306.14719141203324,42.3107940311834,3.1345554955850154,2.2762244174438635,60.81510271079333,122.2740839440373,-61.45898123324397
6.82,307.0089502207053,42.296912043861006,3.1345122706763022,2.2775112838058282,60.81510271079333,122.2740839440373,-61.45898123324397
6.84,307.8704313386879,42.2830331073227,3.134495241984376,2.278824042944115,60.81510271079333,122.2740839440373,-61.45898123324397
6.86,308.73163490798805,42.26917007362642,3.134504445370225,2.2800905471866932,60.81510271079333,122.2740839440373,-61.45898123324397
6.88,309.5925613232915,42.255334499880895,3.1345384912397267,2.2812435910319087,60.81510271079333,122.2740839440373,-61.45898123324397
6.9,310.4532112019532,42.241536063175644,3.1345946883874745,2.282224398338183,60.81510271079333,122.2740839440373,-61.45898123324397
6.92,311.3135853429108,42.227782096980725,3.134669234342036,2.282985535111386,60.81510271079333,122.2740839440373,-61.45898123324397
6.94,312.1736846771327,42.214077270528236,3.134757459597838,2.283493107431993,60.81510271079333,122.2740839440373,-61.45898123324397
6.96,313.0335102125829,42.20042342415658,3.1348541106189454,2.2837281478340437,60.81510271079333,122.2740839440373,-61.45898123324397
6.98,313.8930629768804,42.18681956456449,3.1349536549117234,2.283687141313596,60.81510271079333,122.2740839440373,-61.45898123324397
7.0,314.7523439608474,42.17326201492515,3.135050590840825,2.28338169123367,60.81510271079333,122.2740839440373,-61.45898123324397
7.0200000000000005,315.6113540659793,42.159744706381716,3.135139745205062,2.282837372830906,60.81510271079333,122.2740839440373,-61.45898123324397
7.04,316.4700940585546,42.14625959006327,3.135216542842468,2.2820918651335034,60.81510271079333,122.2740839440373,-61.45898123324397
7.0600000000000005,317.3285645326452,42.13279714282407,3.1352772345957454,2.281192488554745,60.81510271079333,122.2740839440373,-61.45898123324397
7.08,318.1867658837305,42.1193469357077,3.135319072698954,2.2801933034175983,60.81510271079333,122.2740839440373,-61.45898123324397
7.1000000000000005,319.0446982939818,42.105898231840825,3.1353404258719513,2.279151942974364,60.81510271079333,122.2740839440373,-61.45898123324397
7.12,319.90236172961835,42.09244058011021,3.135340829939004,2.27812636252157,60.81510271079333,122.2740839440373,-61.45898123324397
7.140000000000001,320.7597559500665,42.07896437249705,3.1353209734215404,2.2771716840062846,60.81510271079333,122.2740839440373,-61.45898123324397
7.16,321.6168805280257,42.06546133615333,3.1352826210934257,2.276337303676296,60.81510271079333,122.2740839440373,-61.45898123324397
7.18,322.4737348789835,42.05192493594458,3.1352284817438325,2.2756644099326273,60.81510271079333,122.2740839440373,-61.45898123324397
7.2,323.33031829826064,42.03835066892913,3.1351620292024953,2.2751840310755336,60.81510271079333,122.2740839440373,-61.45898123324397
7.22,324.186630003323,42.02473623873684,3.135087287908867,2.2749156998540956,60.81510271079333,122.2740839440373,-61.45898123324397
7.24,325.0426691788886,42.01108160467755,3.1350085958496967,2.274866785567412,60.81510271079333,122.2740839440373,-61.45898123324397
7.26,325.89843502228837,41.99738890728165,3.1349303584877837,2.2750325069290716,60.81510271079333,122.2740839440373,-61.45898123324397
7.28,326.7539267866097,41.98366227850386,3.1348568073387546,2.2753966019819245,60.81510271079333,122.2740839440373,-61.45898123324397
7.3,327.6091438193571,41.96990755068942,3.1347917761450823,2.275932596917433,60.81510271079333,122.2740839440373,-61.45898123324397
7.32,328.4640855946791,41.956131883338024,3.1347385062090463,2.2766055854116685,60.81510271079333,122.2740839440373,-61.45898123324397
7.34,329.3187517376302,41.94234333048178,3.1346994904759526,2.277374405484293,60.81510271079333,122.2740839440373,-61.45898123324397
7.36,330.17314203941623,41.92855037395972,3.134676363531607,2.27819408305211,60.81510271079333,122.2740839440373,-61.45898123324397
7.38,331.02725646310034,41.914761448925304,3.1346698419409615,2.2790184010540204,60.81510271079333,122.2740839440373,-61.45898123324397
7.4,331.8810951397815,41.900984487541145,3.134679716467715,2.279802450637295,60.81510271079333,122.2740839440373,-61.45898123324397
7.42,332.7346583557761,41.88722650504497,3.134704894840295,2.280505026358503,60.81510271079333,122.2740839440373,-61.45898123324397
7.44,333.5879465318046,41.87349324933489,3.1347434910250795,2.2810907401846277,60.81510271079333,122.2740839440373,-61.45898123324397
7.46,334.4409601955859,41.85978893111092,3.1347929545751945,2.2815317483973874,60.81510271079333,122.2740839440373,-61.45898123324397
7.48,335.2936999495523,41.84611604667377,3.1348502316630387,2.2818090100711115,60.81510271079333,122.2740839440373,-61.45898123324397
7.5,336.14616643560646,41.832475300016256,3.134911947969081,2.281913024097943,60.81510271079333,122.2740839440373,-61.45898123324397
7.5200000000000005,336.99836029893373,41.81886562517047,3.134974602748453,2.281844022075347,60.81510271079333,122.2740839440373,-61.45898123324397
7.54,337.8502821528685,41.805284304223875,3.135034763156276,2.28161162497608,60.81510271079333,122.2740839440373,-61.45898123324397
7.5600000000000005,338.70193254668465,41.791727171304565,3.135089248273838,2.2812340006516485,60.81510271079333,122.2740839440373,-61.45898123324397
7.58,339.55331193795945,41.77818888843789,3.135135293199662,2.2807365852845725,60.81510271079333,122.2740839440373,-61.45898123324397
7.6000000000000005,340.4044206708535,41.76466327572079,3.135170684982024,2.2801504535479125,60.81510271079333,122.2740839440373,-61.45898123324397
7.62,341.2552589612834,41.75114367590591,3.1351938639786936,2.2795104384116374,60.81510271079333,122.2740839440373,-61.45898123324397
7.640000000000001,342.1058268895574,41.7376233323243,3.1352039863235426,2.2788531115722845,60.81510271079333,122.2740839440373,-61.45898123324397
7.66,342.9561244006185,41.72409575911734,3.135200945435209,2.2782147390744805,60.81510271079333,122.2740839440373,-61.45898123324397
7.68,343.80615131162364,41.71055508393985,3.1351853527927798,2.277629323913065,60.81510271079333,122.2740839440373,-61.45898123324397
7.7,344.6559073262001,41.69699634552076,3.135158480402927,2.2771268386727943,60.81510271079333,122.2740839440373,-61.45898123324397
7.72,345.505392054378,41.68341573155708,3.1351221693765874,2.276731737299277,60.81510271079333,122.2740839440373,-61.45898123324397
7.74,346.3546050369268,41.66981074616698,3.1350787107206544,2.276461816862297,60.81510271079333,122.2740839440373,-61.45898123324397
7.76,347.203545772627,41.65618030030994,3.135030705750431,2.276327478811745,60.81510271079333,122.2740839440373,-61.45898123324397
7.78,348.0522137468975,41.64252472295797,3.1349809143844336,2.276331415987056,60.81510271079333,122.2740839440373,-61.45898123324397
7.8,348.9006084601796,41.62884569513484,3.1349320999628505,2.276468727816841,60.81510271079333,122.2740839440373,-61.45898123324397
7.82,349.748729454546,41.615146113006986,3.1348868791295312,2.276727443008506,60.81510271079333,122.2740839440373,-61.45898123324397
7.84,350.59657633714886,41.60142988980863,3.134847584755969,2.27708940777078,60.81510271079333,122.2740839440373,-61.45898123324397
7.86,351.4441487993422,41.587701709343996,3.134816148909738,2.277531479293278,60.81510271079333,122.2740839440373,-61.45898123324397
7.88,352.2914466305846,41.57396674599714,3.1347940115458215,2.278026949704466,60.81510271079333,122.2740839440373,-61.45898123324397
7.9,353.1384697265443,41.560230367502854,3.134782059010625,2.2785471157006216,60.81510271079333,122.2740839440373,-61.45898123324397
7.92,353.98521809116306,41.54649783714429,3.134780594690465,2.279062903892755,60.81510271079333,122.2740839440373,-61.45898123324397
7.94,354.8316918327699,41.53277403154589,3.1347893423104263,2.279546461797561,60.81510271079333,122.2740839440373,-61.45898123324397
7.96,355.67789115465877,41.51906318887339,3.1348074805975688,2.2799726291715663,60.81510271079333,122.2740839440373,-61.45898123324397
7.98,356.52381634082946,41.50536870013042,3.1348337063612006,2.2803202136609,60.81510271079333,122.2740839440373,-61.45898123324397
8.0,357.3694677378299,41.491692953489554,3.1348663215985497,2.280573007878252,60.81510271079333,122.2740839440373,-61.45898123324397
8.02,358.2148457338197,41.478037238381035,3.13490333907805,2.280720501189329,60.81510271079333,122.2740839440373,-61.45898123324397
8.040000000000001,359.05995073608574,41.46440171257708,3.1349426000377427,2.2807582577079906,60.81510271079333,122.2740839440373,-61.45898123324397
8.06,359.9047831482836,41.450785431955175,3.134981897195502,2.2806879511875047,60.81510271079333,122.2740839440373,-61.45898123324397
8.08,360.74934334864975,41.43718643920162,3.135019096211936,2.2805170665560315,60.81510271079333,122.2740839440373,-61.45898123324397
8.1,361.5936316703337,41.42360190461499,3.135052249065414,2.280258295720278,60.81510271079333,122.2740839440373,-61.45898123324397
8.120000000000001,362.43764838484657,41.41002830955171,3.135079693461348,2.2799286709995057,60.81510271079333,122.2740839440373,-61.45898123324397
8.14,363.28139368941635,41.39646166105176,3.1351001333565582,2.2795484923561506,60.81510271079333,122.2740839440373,-61.45898123324397
8.16,364.1248676988048,41.38289772488173,3.13511269687201,2.2791401138598353,60.81510271079333,122.2740839440373,-61.45898123324397
8.18,364.9680704418769,41.369332263679844,3.135116969220666,2.2787266601824117,60.81510271079333,122.2740839440373,-61.45898123324397
8.2,365.81100186294844,41.35576126708376,3.1351129997128884,2.2783307452301895,60.81510271079333,122.2740839440373,-61.45898123324397
8.22,366.65366182767593,41.34218116162669,3.135101283339275,2.277973262362534,60.81510271079333,122.2740839440373,-61.45898123324397
8.24,367.4960501330153,41.32858898972133,3.135082718792276,2.277672309322892,60.81510271079333,122.2740839440373,-61.45898123324397
8.26,368.3381665205713,41.314982549105736,3.135058546002436,2.2774423015025462,60.81510271079333,122.2740839440373,-61.45898123324397
8.28,369.18001069249874,41.301360486569,3.1350302672719392,2.2772933151025576,60.81510271079333,122.2740839440373,-61.45898123324397
8.3,370.02158232900604,41.28772234246082,3.134999556839875,2.277230687895439,60.81510271079333,122.2740839440373,-61.45898123324397
8.32,370.8628811064571,41.274068545265685,3.134968164178071,2.277254890421881,60.81510271079333,122.2740839440373,-61.45898123324397
8.34,371.70390671506897,41.26040035823922,3.1349378164778865,2.277361665416085,60.81510271079333,122.2740839440373,-61.45898123324397
8.36,372.54465887525834,41.246719782619294,3.1349101256483056,2.2775424188418047,60.81510271079333,122.2740839440373,-61.45898123324397
8.38,373.3851373517951,41.233029424113326,3.134886504721506,2.2777848328856445,60.81510271079333,122.2740839440373,-61.45898123324397
8.4,374.2253419650686,41.21933233111958,3.1348680978863106,2.27807366024408,60.81510271079333,122.2740839440373,-61.45898123324397
8.42,375.06527259895273,41.20563181438683,3.1348557274875035,2.2783916505798034,60.81510271079333,122.2740839440373,-61.45898123324397
8.44,375.90492920495774,41.191931258501114,3.1348498602948194,2.2787205544862568,60.81510271079333,122.2740839440373,-61.45898123324397
8.46,376.744311802569,41.17823393569221,3.1348505942207594,2.279042147895753,60.81510271079333,122.2740839440373,-61.45898123324397
8.48,377.58342047588366,41.16454283198547,3.134857665515562,2.279339220632499,60.81510271079333,122.2740839440373,-61.45898123324397
8.5,378.4222553668536,41.150860494729386,3.134870475354166,2.2795964766115624,60.81510271079333,122.2740839440373,-61.45898123324397
8.52,379.26081666561623,41.13718890907368,3.1348881337132792,2.279801299720376,60.81510271079333,122.2740839440373,-61.45898123324397
8.540000000000001,380.0991045985374,41.123529409149725,3.1349095175687673,2.279944348251341,60.81510271079333,122.2740839440373,-61.45898123324397
8.56,380.9371194146937,41.10988262762543,3.1349333397667154,2.2800199513270205,60.81510271079333,122.2740839440373,-61.45898123324397
8.58,381.7748613715808,41.096248485092225,3.134958224465952,2.280026292437693,60.81510271079333,122.2740839440373,-61.45898123324397
8.6,382.61233072084997,41.08262621851958,3.1349827848327614,2.279965377315026,60.81510271079333,122.2740839440373,-61.45898123324397
8.620000000000001,383.4495276948465,41.06901444590543,3.135005698693469,2.279842795214469,60.81510271079333,122.2740839440373,-61.45898123324397
8.64,384.2864524946532,41.055411262372544,3.135025778107884,2.2796672936270936,60.81510271079333,122.2740839440373,-61.45898123324397
8.66,385.1231052802367,41.041814361407575,3.135042029294165,2.2794501959171583,60.81510271079333,122.2740839440373,-61.45898123324397
8.68,385.9594861631601,41.028221173785745,3.1350536999809093,2.2792046989155867,60.81510271079333,122.2740839440373,-61.45898123324397
8.700000000000001,386.79559520217,41.01462901601946,3.1350603120440415,2.2789450927480375,60.81510271079333,122.2740839440373,-61.45898123324397
8.72,387.6314324017996,41.00103523993539,3.1350616781572955,2.278685947935997,60.81510271079333,122.2740839440373,-61.45898123324397
8.74,388.4669977139619,40.98743737521739,3.1350579020955065,2.278441315021612,60.81510271079333,122.2740839440373,-61.45898123324397
8.76,389.3022910423442,40.97383325742071,3.135049363228919,2.2782239797151678,60.81510271079333,122.2740839440373,-61.45898123324397
8.78,390.1373122492712,40.960221135013875,3.135036686585993,2.2780448120617254,60.81510271079333,122.2740839440373,-61.45898123324397
8.8,390.9720611645802,40.94659975036647,3.13502070059836,2.2779122416971256,60.81510271079333,122.2740839440373,-61.45898123324397
8.82,391.806537595959,40.93296839118849,3.135002385238262,2.27783188333016,60.81510271079333,122.2740839440373,-61.45898123324397
8.84,392.6407413401352,40.91932691064654,3.134982813688383,2.277806327628042,60.81510271079333,122.2740839440373,-61.45898123324397
8.86,393.4746721942817,40.90567571613648,3.1349630909288178,2.2778351032138406,60.81510271079333,122.2740839440373,-61.45898123324397
8.88,394.3083299670113,40.89201572838686,3.1349442926788504,2.277914806032379,60.81510271079333,122.2740839440373,-61.45898123324397
8.9,395.141714488378,40.878348314113666,3.1349274079958724,2.278039383411431,60.81510271079333,122.2740839440373,-61.45898123324397
8.92,395.97482561837546,40.864675196767735,3.1349132885236908,2.2782005521987156,60.81510271079333,122.2740839440373,-61.45898123324397
8.94,396.80766325352204,40.85099835094839,3.1349026069203774,2.278388323786475,60.81510271079333,122.2740839440373,-61.45898123324397
8.96,397.6402273312398,40.837319886754685,3.134895826411855,2.2785916039527216,60.81510271079333,122.2740839440373,-61.45898123324397
8.98,398.4725178318647,40.8236419306824,3.1348931827474162,2.2787988324609976,60.81510271079333,122.2740839440373,-61.45898123324397
9.0,399.3045347782584,40.80996650964356,3.1348946791166368,2.2789986263698503,60.81510271079333,122.2740839440373,-61.45898123324397
9.02,400.13627823312515,40.79629544429877,3.1349000938642546,2.2791803920008054,60.81510271079333,122.2740839440373,-61.45898123324397
9.040000000000001,400.96774829425607,40.78263025718277,3.134909000150028,2.2793348733825605,60.81510271079333,122.2740839440373,-61.45898123324397
9.06,401.79894508803034,40.76897210011855,3.134920796080791,2.2794546095145956,60.81510271079333,122.2740839440373,-61.45898123324397
9.08,402.62986876158465,40.75532170421763,3.1349347433232047,2.279534278676388,60.81510271079333,122.2740839440373,-61.45898123324397
9.1,403.46051947412195,40.74167935442483,3.134950011812831,2.2795709148834526,60.81510271079333,122.2740839440373,-61.45898123324397
9.120000000000001,404.29089738785984,40.72804488916445,3.134965727925226,2.279563989050225,60.81510271079333,122.2740839440373,-61.45898123324397
9.14,405.1210026591227,40.714417724258276,3.134981023376378,2.279515355034348,60.81510271079333,122.2740839440373,-61.45898123324397
9.16,405.9508354300564,40.7007968989921,3.1349950821732273,2.2794290680841094,60.81510271079333,122.2740839440373,-61.45898123324397
9.18,406.7803958213932,40.687181141072834,3.135007183132032,2.2793110898973494,60.81510271079333,122.2740839440373,-61.45898123324397
9.200000000000001,407.60968392662545,40.673568946300854,3.135016735807359,2.2791689001821434,60.81510271079333,122.2740839440373,-61.45898123324397
9.22,408.43869980785473,40.659958668124666,3.135023308105481,2.2790110390113325,60.81510271079333,122.2740839440373,-61.45898123324397
9.24,409.2674434934861,40.64634861187366,3.135026644365902,2.2788466071892994,60.81510271079333,122.2740839440373,-61.45898123324397
9.26,410.09591497782935,40.632737128390424,3.135026673253279,2.2786847531931755,60.81510271079333,122.2740839440373,-61.45898123324397
9.28,410.92411422256447,40.61912270199923,3.1350235053772346,2.2785341749958277,60.81510271079333,122.2740839440373,-61.45898123324397
9.3,411.7520411599281,40.60550402823056,3.1350174211176816,2.2784026632956045,60.81510271079333,122.2740839440373,-61.45898123324397
9.32,412.5796956973904,40.59188007743548,3.1350088496485267,2.2782967095197764,60.81510271079333,122.2740839440373,-61.45898123324397
9.34,413.40707772351715,40.57825014132255,3.134998340596528,2.2782211976546383,60.81510271079333,122.2740839440373,-61.45898123324397
9.36,414.2341871146597,40.56461386047743,3.1349865301230544,2.2781791937599563,60.81510271079333,122.2740839440373,-61.45898123324397
9.38,415.06102374208064,40.550971232021986,3.1349741034586205,2.278171841259423,60.81510271079333,122.2740839440373,-61.45898123324397
9.4,415.8875874791146,40.53732259767364,3.134961756043877,2.278198364093345,60.81510271079333,122.2740839440373,-61.45898123324397
9.42,416.71387820797344,40.52366861351785,3.1349501554335197,2.278256173905918,60.81510271079333,122.2740839440373,-61.45898123324397
9.44,417.5398958258392,40.51001020375186,3.134939906005218,2.2783410719328203,60.81510271079333,122.2740839440373,-61.45898123324397
9.46,418.36564024993777,40.49634850144935,3.1349315182943043,2.278447531438356,60.81510271079333,122.2740839440373,-61.45898123324397
9.48,419.1911114213525,40.482684779995786,3.134925384462237,2.2785690426614935,60.81510271079333,122.2740839440373,-61.45898123324397
9.5,420.01630930741334,40.46902037922745,3.1349217610227793,2.2786984994466666,60.81510271079333,122.2740839440373,-61.45898123324397
9.52,420.84123390258014,40.45535663045923,3.134920759517708,2.2788286051723445,60.81510271079333,122.2740839440373,-61.45898123324397
9.540000000000001,421.6658852278235,40.44169478450685,3.1349223453787793,2.278952275293272,60.81510271079333,122.2740839440373,-61.45898123324397
9.56,422.4902633285868,40.428035946510086,3.134926344760128,2.27906301475589,60.81510271079333,122.2740839440373,-61.45898123324397
9.58,423.31436827148957,40.414381020866834,3.134932458699799,2.2791552506402613,60.81510271079333,122.2740839440373,-61.45898123324397
9.6,424.1382001399925,40.4007306689287,3.1349402835928966,2.279224603473468,60.81510271079333,122.2740839440373,-61.45898123324397
9.620000000000001,424.9617590292956,40.387085281325994,3.1349493366506653,2.2792680845495044,60.81510271079333,122.2740839440373,-61.45898123324397
9.64,425.78504504077233,40.37344496593224,3.134959084794135,2.2792842110395264,60.81510271079333,122.2740839440373,-61.45898123324397
9.66,426.6080582762573,40.35980955159355,3.1349689752971917,2.2792730354235045,60.81510271079333,122.2740839440373,-61.45898123324397
9.68,427.43079883250266,40.34617860688635,3.1349784664562352,2.2792360905502527,60.81510271079333,122.2740839440373,-61.45898123324397
9.700000000000001,428.2532667960989,40.332551472374256,3.1349870566207034,2.2791762561754254,60.81510271079333,122.2740839440373,-61.45898123324397
9.72,429.0754622391193,40.318927304152666,3.134994310064322,2.2790975568967227,60.81510271079333,122.2740839440373,-61.45898123324397
9.74,429.89738521570024,40.305305125930815,3.134999878400093,2.2790049047957126,60.81510271079333,122.2740839440373,-61.45898123324397
9.76,430.7190357597111,40.291683886531224,3.135003516527955,2.2789038026453383,60.81510271079333,122.2740839440373,-61.45898123324397
9.78,431.54041388360355,40.278062519498626,3.135005092435106,2.278800025141713,60.81510271079333,122.2740839440373,-61.45898123324397
9.8,432.3615195784618,40.26444000150968,3.1350045905256945,2.278699296214191,60.81510271079333,122.2740839440373,-61.45898123324397
9.82,433.18235281521174,40.25081540645352,3.1350021085186794,2.2786069800623183,60.81510271079333,122.2740839440373,-61.45898123324397
9.84,434.00291354688244,40.23718795239565,3.134997848300391,2.278527802219063,60.81510271079333,122.2740839440373,-61.45898123324397
9.86,434.82320171176286,40.223557039119875,3.134992101433272,2.2784656147532085,60.81510271079333,122.2740839440373,-61.45898123324397
9.88,435.6432172372514,40.209922274532765,3.134985230288501,2.278423216847659,60.81510271079333,122.2740839440373,-61.45898123324397
9.9,436.46296004416615,40.19628348887787,3.1349776459748973,2.278402238604441,60.81510271079333,122.2740839440373,-61.45898123324397
9.92,437.2824300512661,40.182640736403556,3.134969784370662,2.27840309223194,60.81510271079333,122.2740839440373,-61.45898123324397
9.94,438.10162717973077,40.16899428482036,3.1349620816232395,2.278424990975762,60.81510271079333,122.2740839440373,-61.45898123324397
9.96,438.9205513573569,40.1553445935339,3.1349549504652097,2.2784660324698702,60.81510271079333,122.2740839440373,-61.45898123324397
9.98,439.73920252225315,40.14169228221429,3.13494875860419,2.2785233398044125,60.81510271079333,122.2740839440373,-61.45898123324397
10.0,440.5575806258502,40.12803809173379,3.1349438102895406,2.278593250703679,60.81510271079333,122.2740839440373,-61.45898123324397
10.02,441.37568563508546,40.11438283984964,3.1349403319488522,2.278671542922342,60.81510271079333,122.2740839440373,-61.45898123324397
10.040000000000001,442.1935175336718,40.10072737421391,3.1349384625360073,2.2787536824042127,60.81510271079333,122.2740839440373,-61.45898123324397
10.06,443.0110763224128,40.08707252535049,3.1349382489550472,2.278835079965591,60.81510271079333,122.2740839440373,-61.45898123324397
10.08,443.8283620185794,40.07341906215237,3.13493964663616,2.278911342281854,60.81510271079333,122.2740839440373,-61.45898123324397
10.1,444.6453746544139,40.05976765222997,3.134942525057784,2.2789785037438004,60.81510271079333,122.2740839440373,-61.45898123324397
10.120000000000001,445.46211427487185,40.046118829099804,3.1349466777472648,2.2790332272415097,60.81510271079333,122.2740839440373,-61.45898123324397
10.14,446.2785809347505,40.03247296776408,3.1349518360652135,2.2790729640237655,60.81510271079333,122.2740839440373,-61.45898123324397
10.16,447.0947746953803,40.01883026972419,3.1349576858968744,2.2790960653366374,60.81510271079333,122.2740839440373,-61.45898123324397
10.18,447.91069562107424,40.00519075792298,3.134963886245748,2.2791018414114745,60.81510271079333,122.2740839440373,-61.45898123324397
10.200000000000001,448.72634377553555,39.991554281554365,3.134970088655566,2.279090566383309,60.81510271079333,122.2740839440373,-61.45898123324397
10.22,449.54171921842044,39.97792053014465,3.1349759563782205,2.279063430706728,60.81510271079333,122.2740839440373,-61.45898123324397
10.24,450.35682200223715,39.96428905582609,3.1349811822557916,2.2790224454359214,60.81510271079333,122.2740839440373,-61.45898123324397
10.26,451.1716521697383,39.950659302314484,3.1349855043896775,2.2789703052022827,60.81510271079333,122.2740839440373,-61.45898123324397
10.28,451.9862097519311,39.93703063878907,3.13498871882141,2.278910218734043,60.81510271079333,122.2740839440373,-61.45898123324397
10.3,452.8004947667926,39.92340239666806,3.134990688638273,2.278845717223712,60.81510271079333,122.2740839440373,-61.45898123324397
10.32,453.61450721873615,39.90977390718424,3.1349913491308,2.2787804517007033,60.81510271079333,122.2740839440373,-61.45898123324397
10.34,454.42824709883155,39.89614453769343,3.1349907088561673,2.2787179907825004,60.81510271079333,122.2740839440373,-61.45898123324397
10.36,455.2417143857426,39.882513724788,3.134988846688638,2.2786616297691684,60.81510271079333,122.2740839440373,-61.45898123324397
10.38,456.05490904730607,39.86888100252699,3.134985905153275,2.2786142210562943,60.81510271079333,122.2740839440373,-61.45898123324397
10.4,456.86783104264447,39.85524602441722,3.1349820805307784,2.2785780343445894,60.81510271079333,122.2740839440373,-61.45898123324397
10.42,457.6804803246808,39.84160857816517,3.1349776103800435,2.2785546532190826,60.81510271079333,122.2740839440373,-61.45898123324397
10.44,458.492856842904,39.82796859264523,3.1349727592432326,2.2785449124743513,60.81510271079333,122.2740839440373,-61.45898123324397
10.46,459.30496054622733,39.814326136970664,3.134967803370914,2.278548878203398,60.81510271079333,122.2740839440373,-61.45898123324397
10.48,460.11679138578086,39.8006814119859,3.1349630153296077,2.278565870279898,60.81510271079333,122.2740839440373,-61.45898123324397
10.5,460.92834931748916,39.78703473489861,3.134958649331258,2.278594524576748,60.81510271079333,122.2740839440373,-61.45898123324397
10.52,461.73963430430115,39.77338651811803,3.1349549280565,2.2786328901985073,60.81510271079333,122.2740839440373,-61.45898123324397
10.540000000000001,462.5506463179631,39.759737243643656,3.1349520316363755,2.278678555265583,60.81510271079333,122.2740839440373,-61.45898123324397
10.56,463.3613853402541,39.7460874345447,3.1349500893174156,2.2787287934575073,60.81510271079333,122.2740839440373,-61.45898123324397
10.58,464.17185136363463,39.73243762517634,3.1349491741715885,2.2787807226592287,60.81510271079333,122.2740839440373,-61.45898123324397
10.6,464.98204439129364,39.718788331791906,3.1349493010350193,2.2788314666898652,60.81510271079333,122.2740839440373,-61.45898123324397
10.620000000000001,465.79196443661164,39.70514002513275,3.1349504276778872,2.2788783112304167,60.81510271079333,122.2740839440373,-61.45898123324397
10.64,466.6016115220886,39.69149310641684,3.134952459032396,2.2789188456817566,60.81510271079333,122.2740839440373,-61.45898123324397
10.66,467.4109856778133,39.67784788791489,3.134955254145569,2.2789510837274345,60.81510271079333,122.2740839440373,-61.45898123324397
10.68,468.2200869395725,39.66420457901337,3.1349586353869965,2.2789735567763647,60.81510271079333,122.2740839440373,-61.45898123324397
10.700000000000001,469.02891534671534,39.65056327833562,3.1349623993351847,2.278985376130351,60.81510271079333,122.2740839440373,-61.45898123324397
10.72,469.83747093989615,39.6369239721437,3.134966328694609,2.278986261560787,60.81510271079333,122.2740839440373,-61.45898123324397
10.74,470.6457537588237,39.62328653889503,3.1349702045615877,2.2789765358817915,60.81510271079333,122.2740839440373,-61.45898123324397
10.76,471.45376384013764,39.60965075949762,3.134973818361329,2.2789570869681195,60.81510271079333,122.2740839440373,-61.45898123324397
10.78,472.2615012155239,39.596016332513585,3.1349769828193366,2.27892930038511,60.81510271079333,122.2740839440373,-61.45898123324397
10.8,473.0689659101625,39.582382893317394,3.134979541404412,2.278894967286597,60.81510271079333,122.2740839440373,-61.45898123324397
10.82,473.87615794158177,39.56875003603414,3.1349813757825347,2.2788561734212704,60.81510271079333,122.2740839440373,-61.45898123324397
10.84,474.6830773189662,39.55511733697215,3.1349824109445223,2.2788151759152853,60.81510271079333,122.2740839440373,-61.45898123324397
10.86,475.48972404294096,39.541484378227025,3.1349826178080598,2.2787742749353757,60.81510271079333,122.2740839440373,-61.45898123324397
10.88,476.2960981058284,39.52785077016976,3.1349820132385386,2.2787356873728952,60.81510271079333,122.2740839440373,-61.45898123324397
10.9,477.1021994923462,39.51421617163636,3.1349806575751358,2.278701429336375,60.81510271079333,122.2740839440373,-61.45898123324397
10.92,477.90802818069506,39.50058030680114,3.1349786498810186,2.278673213530968,60.81510271079333,122.2740839440373,-61.45898123324397
10.94,478.7135841439629,39.486942977930845,3.134976121252686,2.2786523665886507,60.81510271079333,122.2740839440373,-61.45898123324397
10.96,479.5188673517592,39.473304073467354,3.1349732266174204,2.278639770158115,60.81510271079333,122.2740839440373,-61.45898123324397
10.98,480.3238777719824,39.4596635711591,3.134970135515358,2.2786358281448447,60.81510271079333,122.2740839440373,-61.45898123324397
11.0,481.12861537262074,39.446021536239336,3.1349670224009603,2.2786404609918733,60.81510271079333,122.2740839440373,-61.45898123324397
11.02,481.93308012348666,39.43237811491825,3.1349640570066257,2.2786531263944365,60.81510271079333,122.2740839440373,-61.45898123324397
11.040000000000001,482.7372719977937,39.41873352370093,3.1349613952894226,2.2786728644281546,60.81510271079333,122.2740839440373,-61.45898123324397
11.06,483.5411909734951,39.40508803525232,3.1349591714326,2.278698363814245,60.81510271079333,122.2740839440373,-61.45898123324397
11.08,484.3448370343198,39.39144196169327,3.134957491300292,2.2787280450091556,60.81510271079333,122.2740839440373,-61.45898123324397
11.1,485.1482101704599,39.37779563632109,3.1349564276514448,2.2787601550391887,60.81510271079333,122.2740839440373,-61.45898123324397
11.120000000000001,485.9513103788836,39.364149394800116,3.1349560173131117,2.278792868534761,60.81510271079333,122.2740839440373,-61.45898123324397
11.14,486.7541376632702,39.35050355686104,3.134956260400114,2.2788243892703,60.81510271079333,122.2740839440373,-61.45898123324397
11.16,487.5566920335827,39.33685840948526,3.1349571215540224,2.2788530466806143,60.81510271079333,122.2740839440373,-61.45898123324397
11.18,488.35897350531366,39.323214192436744,3.1349585330657104,2.2788773822843895,60.81510271079333,122.2740839440373,-61.45898123324397
11.200000000000001,489.1609820984568,39.30957108684744,3.134960399648085,2.278896221664911,60.81510271079333,122.2740839440373,-61.45898123324397
11.22,489.96271783626923,39.29592920737253,3.1349626045439285,2.278908728589466,60.81510271079333,122.2740839440373,-61.45898123324397
11.24,490.76418074389784,39.282288598220525,3.1349650165920098,2.278914438934613,60.81510271079333,122.2740839440373,-61.45898123324397
11.26,491.56537084695054,39.268649233142504,3.1349674978353756,2.278913273259985,60.81510271079333,122.2740839440373,-61.45898123324397
11.28,492.36628817009046,39.255011019246794,3.1349699112404403,2.278905528072192,60.81510271079333,122.2740839440373,-61.45898123324397
11.3,493.16693273572923,39.241373804302285,3.134972128104095,2.2788918469759913,60.81510271079333,122.2740839440373,-61.45898123324397
11.32,493.96730456288685,39.22773738701539,3.134974034757361,2.278873173961573,60.81510271079333,122.2740839440373,-61.45898123324397
11.34,494.7674036662742,39.21410152962183,3.1349755382255617,2.2788506919703635,60.81510271079333,122.2740839440373,-61.45898123324397
11.36,495.5672300556409,39.20046597203086,3.1349765705731842,2.2788257505743337,60.81510271079333,122.2740839440373,-61.45898123324397
11.38,496.36678373541395,39.18683044670145,3.1349770917422046,2.278799787064488,60.81510271079333,122.2740839440373,-61.45898123324397
11.4,497.1660647046385,39.173194693417834,3.1349770907809207,2.2787742454559696,60.81510271079333,122.2740839440373,-61.45898123324397
11.42,497.96507295721176,39.1595584731659,3.1349765854511857,2.2787504978770396,60.81510271079333,122.2740839440373,-61.45898123324397
11.44,498.7638084823892,39.14592158038766,3.1349756202903665,2.2787297725279396,60.81510271079333,122.2740839440373,-61.45898123324397
11.46,499.562271265525,39.132283853003734,3.1349742632856294,2.278713091896754,60.81510271079333,122.2740839440373,-61.45898123324397
11.48,500.36046128899943,39.11864517973586,3.134972601388147,2.2787012242373987,60.81510271079333,122.2740839440373,-61.45898123324397
11.5,501.1583785332763,39.105005504423445,3.134970735150049,2.278694650493132,60.81510271079333,122.2740839440373,-61.45898123324397
11.52,501.9560229780281,39.091364827202185,3.134968772804983,2.27869354793663,60.81510271079333,122.2740839440373,-61.45898123324397
11.540000000000001,502.7533946032666,39.077723202587116,3.1349668241324693,2.2786977908474295,60.81510271079333,122.2740839440373,-61.45898123324397
11.56,503.5504933904161,39.06408073466925,3.134964994446428,2.278706967612146,60.81510271079333,122.2740839440373,-61.45898123324397
11.58,504.34731932327384,39.05043756978425,3.1349633790299847,2.278720412762536,60.81510271079333,122.2740839440373,-61.45898123324397
11.6,505.1438723888093,39.036793887136895,3.134962058303517,2.278737251706143,60.81510271079333,122.2740839440373,-61.45898123324397
11.620000000000001,505.9401525777636,39.023149887959214,3.134961093963358,2.2787564552914885,60.81510271079333,122.2740839440373,-61.45898123324397
11.64,506.73615988502445,39.009505783840645,3.1349605262678524,2.278776900912917,60.81510271079333,122.2740839440373,-61.45898123324397
11.66,507.5318943097627,38.99586178489149,3.1349603725791644,2.278797436616666,60.81510271079333,122.2740839440373,-61.45898123324397
11.68,508.3273558553325,38.98221808838788,3.1349606271974135,2.278816944626734,60.81510271079333,122.2740839440373,-61.45898123324397
11.700000000000001,509.1225445289469,38.968574868498344,3.1349612624523036,2.2788344008617756,60.81510271079333,122.2740839440373,-61.45898123324397
11.72,509.91746034115573,38.95493226761288,3.134962230950335,2.2788489273480455,60.81510271079333,122.2740839440373,-61.45898123324397
11.74,510.71210330515964,38.94129038969114,3.1349634688164207,2.278859834923784,60.81510271079333,122.2740839440373,-61.45898123324397
11.76,511.50647343600355,38.92764929592231,3.134964899720207,2.2788666542458986,60.81510271079333,122.2740839440373,-61.45898123324397
11.78,512.3005707496976,38.91400900285399,3.134966439441918,2.278869153812138,60.81510271079333,122.2740839440373,-61.45898123324397
11.8,513.0943952623152,38.90036948300801,3.13496800071158,2.278867344460793,60.81510271079333,122.2740839440373,-61.45898123324397
11.82,513.8879469891183,38.88673066786532,3.1349694980496627,2.278861470562164,60.81510271079333,122.2740839440373,-61.45898123324397
11.84,514.6812259437569,38.87309245297767,3.134970852346335,2.2788519888315935,60.81510271079333,122.2740839440373,-61.45898123324397
11.86,515.4742321375822,38.85945470485626,3.1349719949396255,2.2788395363341882,60.81510271079333,122.2740839440373,-61.45898123324397
11.88,516.266965579109,38.84581726920319,3.1349728709881273,2.2788248897849464,60.81510271079333,122.2740839440373,-61.45898123324397
11.9,517.059426273649,38.83217997999321,3.1349734419790973,2.278808918649229,60.81510271079333,122.2740839440373,-61.45898123324397
11.92,517.851614223132,38.81854266888387,3.1349736872651395,2.2787925347997837,60.81510271079333,122.2740839440373,-61.45898123324397
11.94,518.6435294261149,38.80490517443214,3.134973604579012,2.278776641580082,60.81510271079333,122.2740839440373,-61.45898123324397
11.96,519.4351718779754,38.791267350623684,3.134973209533274,2.2787620850589434,60.81510271079333,122.2740839440373,-61.45898123324397
11.98,520.22654157127,38.77762907427525,3.134972534166362,2.2787496100479845,60.81510271079333,122.2740839440373,-61.45898123324397
12.0,521.0176384962339,38.763990250946556,3.1349716246463672,2.2787398231075877,60.81510271079333,122.2740839440373,-61.45898123324397
12.02,521.8084626413901,38.75035081909151,3.1349705382857094,2.2787331643121163,60.81510271079333,122.2740839440373,-61.45898123324397
12.040000000000001,522.59901399423,38.736710752283024,3.1349693400521352,2.2787298890097096,60.81510271079333,122.2740839440373,-61.45898123324397
12.06,523.3892925419278,38.72307005945625,3.1349680987825064,2.2787300602275598,60.81510271079333,122.2740839440373,-61.45898123324397
12.08,524.1792982720473,38.709428783224126,3.1349668833149784,2.2787335517737777,60.81510271079333,122.2740839440373,-61.45898123324397
12.1,524.9690311732036,38.6957869964221,3.1349657587522892,2.2787400615047786,60.81510271079333,122.2740839440373,-61.45898123324397
12.120000000000001,525.7584912356457,38.6821447971296,3.1349647830545493,2.2787491336932626,60.81510271079333,122.2740839440373,-61.45898123324397
12.14,526.5476784517301,38.668502302490154,3.1349640041353064,2.2787601889742213,60.81510271079333,122.2740839440373,-61.45898123324397
12.16,527.3365928162646,38.6548596417062,3.1349634576014545,2.2787725599866326,60.81510271079333,122.2740839440373,-61.45898123324397
12.18,528.1252343267064,38.64121694861694,3.1349631652378283,2.2787855305830713,60.81510271079333,122.2740839440373,-61.45898123324397
12.200000000000001,528.9136029832111,38.62757435427605,3.134963134293491,2.278798376358097,60.81510271079333,122.2740839440373,-61.45898123324397
12.22,529.7016987885321,38.61393197993232,3.1349633575812663,2.2788104042505855,60.81510271079333,122.2740839440373,-61.45898123324397
12.24,530.489521747783,38.60028993078046,3.1349638143575262,2.2788209891018143,60.81510271079333,122.2740839440373,-61.45898123324397
12.26,531.2770718680804,38.5866482907953,3.134964471908016,2.2788296052878976,60.81510271079333,122.2740839440373,-61.45898123324397
12.280000000000001,532.0643491580894,38.57300711889297,3.134965287729679,2.27883585187639,60.81510271079333,122.2740839440373,-61.45898123324397
12.3,532.8513536275008,38.559366446582594,3.1349662121698367,2.2788394701610235,60.81510271079333,122.2740839440373,-61.45898123324397
12.32,533.63808528647,38.545726277185445,3.1349671913639425,2.2788403528811325,60.81510271079333,122.2740839440373,-61.45898123324397
12.34,534.4245441450503,38.532086586610646,3.1349681703023164,2.27883854490729,60.81510271079333,122.2740839440373,-61.45898123324397
12.36,535.2107302126507,38.51844732559273,3.1349690958550163,2.278834235645355,60.81510271079333,122.2740839440373,-61.45898123324397
12.38,535.9966434975468,38.504808423219856,3.1349699195920704,2.2788277438523123,60.81510271079333,122.2740839440373,-61.45898123324397
12.4,536.7822840064699,38.49116979151738,3.1349706002529234,2.278819495945532,60.81510271079333,122.2740839440373,-61.45898123324397
12.42,537.5676517442945,38.4775313308022,3.134971105742954,2.2788099992037765,60.81510271079333,122.2740839440373,-61.45898123324397
12.44,538.3527467138363,38.463892935491025,3.134971414564729,2.278799811487956,60.81510271079333,122.2740839440373,-61.45898123324397
12.46,539.137568915769,38.4502545000318,3.1349715166254777,2.278789509243528,60.81510271079333,122.2740839440373,-61.45898123324397
12.48,539.922118348661,38.43661592463222,3.134971413398119,2.2787796555795667,60.81510271079333,122.2740839440373,-61.45898123324397
12.5,540.706395009124,38.42297712048125,3.1349711174490196,2.278770770154772,60.81510271079333,122.2740839440373,-61.45898123324397
12.52,541.4903988920635,38.409338014197346,3.1349706513796027,2.278763302443601,60.81510271079333,122.2740839440373,-61.45898123324397
12.540000000000001,542.2741299910132,38.395698551288305,3.1349700462591366,2.2787576097190074,60.81510271079333,122.2740839440373,-61.45898123324397
12.56,543.0575882985324,38.38205869846838,3.13496933965103,2.278753940786745,60.81510271079333,122.2740839440373,-61.45898123324397
12.58,543.8407738066433,38.36841844474569,3.134968573353556,2.2787524261590772,60.81510271079333,122.2740839440373,-61.45898123324397
12.6,544.6236865072816,38.35477780126273,3.134967790987331,2.278753074982774,60.81510271079333,122.2740839440373,-61.45898123324397
12.620000000000001,545.4063263927379,38.34113679994071,3.1349670355656936,2.278755778659011,60.81510271079333,122.2740839440373,-61.45898123324397
12.64,546.1886934560638,38.327495491042185,3.134966347180459,2.2787603207318163,60.81510271079333,122.2740839440373,-61.45898123324397
12.66,546.9707876914232,38.31385393982061,3.1349657609247448,2.2787663922956107,60.81510271079333,122.2740839440373,-61.45898123324397
12.68,547.7526090943716,38.30021222246995,3.1349653051575928,2.278773611898552,60.81510271079333,122.2740839440373,-61.45898123324397
12.700000000000001,548.5341576620498,38.28657042161773,3.134965000192988,2.27878154870873,60.81510271079333,122.2740839440373,-61.45898123324397
12.72,549.3154333932857,38.272928621621695,3.1349648574700453,2.278789747575213,60.81510271079333,122.2740839440373,-61.45898123324397
12.74,550.0964362886007,38.259286903932036,3.1349648792330886,2.278797754559307,60.81510271079333,122.2740839440373,-61.45898123324397
12.76,550.8771663501235,38.24564534276873,3.134965058721697,2.2788051415341917,60.81510271079333,122.2740839440373,-61.45898123324397
12.780000000000001,551.6576235814206,38.23200400133792,3.134965380843098,2.278811528549226,60.81510271079333,122.2740839440373,-61.45898123324397
12.8,552.4378079872534,38.21836292877443,3.1349658232740563,2.27881660282062,60.81510271079333,122.2740839440373,-61.45898123324397
12.82,553.21771957328,38.20472215795188,3.1349663579178695,2.278820133432075,60.81510271079333,122.2740839440373,-61.45898123324397
12.84,553.9973583457165,38.19108170424966,3.1349669526253425,2.2788219810928165,60.81510271079333,122.2740839440373,-61.45898123324397
12.86,554.7767243109818,38.17744156531151,3.134967573077363,2.2788221025908877,60.81510271079333,122.2740839440373,-61.45898123324397
12.88,555.5558174753414,38.16380172177493,3.1349681847214095,2.2788205498799963,60.81510271079333,122.2740839440373,-61.45898123324397
12.9,556.3346378445733,38.150162138899084,3.134968754655044,2.278817464031337,60.81510271079333,122.2740839440373,-61.45898123324397
12.92,557.1131854236702,38.13652276897226,3.1349692533559494,2.2788130645530926,60.81510271079333,122.2740839440373,-61.45898123324397
12.94,557.8914602165954,38.12288355434176,3.1349696561698037,2.2788076348144095,60.81510271079333,122.2740839440373,-61.45898123324397
12.96,558.6694622261028,38.109244430880636,3.1349699444834465,2.2788015044972982,60.81510271079333,122.2740839440373,-61.45898123324397
12.98,559.4471914536281,38.09560533168827,3.1349701065303264,2.2787950301298427,60.81510271079333,122.2740839440373,-61.45898123324397
13.0,560.2246478992555,38.08196619081596,3.1349701377969836,2.2787885748225305,60.81510271079333,122.2740839440373,-61.45898123324397
13.02,561.0018315617594,38.06832694681446,3.1349700410220374,2.2787824883347314,60.81510271079333,122.2740839440373,-61.45898123324397
13.040000000000001,561.7787424387152,38.0546875459169,3.1349698258015506,2.2787770885420358,60.81510271079333,122.2740839440373,-61.45898123324397
13.06,562.5553805266712,38.04104794469675,3.134969507835547,2.2787726452630004,60.81510271079333,122.2740839440373,-61.45898123324397
13.08,563.3317458213714,38.02740811207431,3.1349691078687516,2.2787693672431204,60.81510271079333,122.2740839440373,-61.45898123324397
13.1,564.1078383180134,38.013768030584956,3.1349686503934246,2.2787673928953858,60.81510271079333,122.2740839440373,-61.45898123324397
13.120000000000001,564.8836580115276,38.00012769686529,3.1349681621927683,2.278766785172614,60.81510271079333,122.2740839440373,-61.45898123324397
13.14,565.6592048968618,37.986487121357456,3.1349676708093797,2.27876753070979,60.81510271079333,122.2740839440373,-61.45898123324397
13.16,566.4344789692544,37.972846327274034,3.1349672030244315,2.2787695431380337,60.81510271079333,122.2740839440373,-61.45898123324397
13.18,567.2094802244835,37.959205348904916,3.1349667834297636,2.278772670248923,60.81510271079333,122.2740839440373,-61.45898123324397
13.200000000000001,567.9842086590772,37.9455642293803,3.1349664331672478,2.2787767044896503,60.81510271079333,122.2740839440373,-61.45898123324397
13.22,568.7586642704773,37.93192301802969,3.134966168898182,2.278781396106424,60.81510271079333,122.2740839440373,-61.45898123324397
13.24,569.5328470571465,37.918281767493966,3.134966002050853,2.2787864681328105,60.81510271079333,122.2740839440373,-61.45898123324397
13.26,570.3067570186174,37.90464053075563,3.134965938377681,2.2787916323469433,60.81510271079333,122.2740839440373,-61.45898123324397
13.280000000000001,571.0803941554822,37.890999358251236,3.1349659778354813,2.278796605298511,60.81510271079333,122.2740839440373,-61.45898123324397
13.3,571.8537584693237,37.87735829521996,3.1349661147843846,2.278801123533178,60.81510271079333,122.2740839440373,-61.45898123324397
13.32,572.6268499625965,37.86371737942418,3.134966338483812,2.2788049572152853,60.81510271079333,122.2740839440373,-61.45898123324397
13.34,573.3996686384635,37.8500766393532,3.1349666338485007,2.2788079214635903,60.81510271079333,122.2740839440373,-61.45898123324397
13.36,574.172214500601,37.836436092991335,3.1349669824147286,2.278809884862312,60.81510271079333,122.2740839440373,-61.45898123324397
13.38,574.9444875529811,37.82279574719796,3.1349673634571515,2.278810774781276,60.81510271079333,122.2740839440373,-61.45898123324397
13.4,575.7164877996462,37.80915559771248,3.1349677551905275,2.2788105793245377,60.81510271079333,122.2740839440373,-61.45898123324397
13.42,576.4882152444874,37.79551562976281,3.1349681359882102,2.2788093459161174,60.81510271079333,122.2740839440373,-61.45898123324397
13.44,577.2596698910382,37.78187581922374,3.1349684855507043,2.2788071767136344,60.81510271079333,122.2740839440373,-61.45898123324397
13.46,578.030851742295,37.76823613424379,3.1349687859625455,2.2788042212064625,60.81510271079333,122.2740839440373,-61.45898123324397
13.48,578.8017608005723,37.75459653723624,3.134969022583922,2.2788006664956164,60.81510271079333,122.2740839440373,-61.45898123324397
13.5,579.5723970674006,37.74095698711395,3.134969184734245,2.2787967258617816,60.81510271079333,122.2740839440373,-61.45898123324397
13.52,580.3427605434699,37.72731744163842,3.13496926613762,2.278792626299981,60.81510271079333,122.2740839440373,-61.45898123324397
13.540000000000001,581.1128512286205,37.71367785975161,3.134969265114113,2.2787885957326997,60.81510271079333,122.2740839440373,-61.45898123324397
13.56,581.8826691218803,37.70003820376464,3.1349691845150547,2.2787848506063506,60.81510271079333,122.2740839440373,-61.45898123324397
13.58,582.652214221546,37.68639844128926,3.1349690314145726,2.2787815845314916,60.81510271079333,122.2740839440373,-61.45898123324397
13.6,583.4214865252995,37.67275854681621,3.1349688165823637,2.278778958547903,60.81510271079333,122.2740839440373,-61.45898123324397
13.620000000000001,584.1904860303548,37.65911850286651,3.1349685537737515,2.27877709348785,60.81510271079333,122.2740839440373,-61.45898123324397
13.64,584.9592127336252,37.6454783006679,3.1349682588817527,2.278776064780929,60.81510271079333,122.2740839440373,-61.45898123324397
13.66,585.7276666319012,37.63183794033565,3.13496794900187,2.2787758998996197,60.81510271079333,122.2740839440373,-61.45898123324397
13.68,586.4958477220287,37.618197430564905,3.13496764146333,2.278776578494642,60.81510271079333,122.2740839440373,-61.45898123324397
13.700000000000001,587.2637560010779,37.60455678786764,3.1349673528804924,2.278778035121566,60.81510271079333,122.2740839440373,-61.45898123324397
13.72,588.0313914664957,37.590916035411254,3.134967098275238,2.278780164322747,60.81510271079333,122.2740839440373,-61.45898123324397
13.74,588.7987541162308,37.577275201535286,3.134966890315565,2.27878282770889,60.81510271079333,122.2740839440373,-61.45898123324397
13.76,589.565843948828,37.563634318037664,3.1349667387077864,2.278785862587993,60.81510271079333,122.2740839440373,-61.45898123324397
13.780000000000001,590.3326609634876,37.54999341833136,3.134966649770105,2.2787890916208364,60.81510271079333,122.2740839440373,-61.45898123324397
13.8,591.0992051600856,37.53635253557592,3.134966626204569,2.278792332944082,60.81510271079333,122.2740839440373,-61.45898123324397
13.82,591.8654765391585,37.52271170088608,3.1349666670730514,2.2787954101956225,60.81510271079333,122.2740839440373,-61.45898123324397
13.84,592.6314751018513,37.50907094171213,3.1349667679716435,2.278798161901274,60.81510271079333,122.2740839440373,-61.45898123324397
13.86,593.3972008498345,37.49543028047419,3.1349669213872606,2.2788004497349754,60.81510271079333,122.2740839440373,-61.45898123324397
13.88,594.162653785196,37.481789733515754,3.134967117210924,2.278802165242297,60.81510271079333,122.2740839440373,-61.45898123324397
13.9,594.9278339103134,37.46814931042267,3.1349673433745457,2.278803234714407,60.81510271079333,122.2740839440373,-61.45898123324397
13.92,595.6927412277154,37.45450901373197,3.134967586572456,2.2788036220106376,60.81510271079333,122.2740839440373,-61.45898123324397
13.94,596.4573757399388,37.44086883903327,3.1349678330256388,2.2788033292460423,60.81510271079333,122.2740839440373,-61.45898123324397
13.96,597.2217374493912,37.42722877544378,3.1349680692457365,2.278802395379018,60.81510271079333,122.2740839440373,-61.45898123324397
13.98,597.9858263582242,37.41358880641861,3.134968282757366,2.2788008928468626,60.81510271079333,122.2740839440373,-61.45898123324397
14.0,598.7496424682257,37.399948910840905,3.1349684627409466,2.2787989224981615,60.81510271079333,122.2740839440373,-61.45898123324397
14.02,599.5131857807347,37.38630906432319,3.134968600563844,2.278796607154847,60.81510271079333,122.2740839440373,-61.45898123324397
14.040000000000001,600.2764562965843,37.372669240642125,3.1349686901747904,2.278794084199844,60.81510271079333,122.2740839440373,-61.45898123324397
14.06,601.0394540160734,37.359029413224214,3.134968728344799,2.278791497625782,60.81510271079333,122.2740839440373,-61.45898123324397
14.08,601.8021789389685,37.34538955660014,3.1349687147467162,2.278788989994607,60.81510271079333,122.2740839440373,-61.45898123324397
14.1,602.5646310645349,37.33174964774986,3.1349686518745528,2.2787866947475623,60.81510271079333,122.2740839440373,-61.45898123324397
14.120000000000001,603.326810391593,37.31810966726907,3.1349685448124167,2.278784729271171,60.81510271079333,122.2740839440373,-61.45898123324397
14.14,604.0887169185977,37.30446960029987,3.134968400870686,2.2787831890698254,60.81510271079333,122.2740839440373,-61.45898123324397
14.16,604.8503506437348,37.290829437183056,3.1349682291136785,2.2787821433238706,60.81510271079333,122.2740839440373,-61.45898123324397
14.18,605.6117115650284,37.277189173806114,3.134968039808131,2.2787816320272496,60.81510271079333,122.2740839440373,-61.45898123324397
14.200000000000001,606.3727996804535,37.263548811638316,3.134967843825122,2.2787816648065213,60.81510271079333,122.2740839440373,-61.45898123324397
14.22,607.1336149880478,37.249908357461635,3.134967652029465,2.2787822214283224,60.81510271079333,122.2740839440373,-61.45898123324397
14.24,607.8941574860165,37.23626782282242,3.134967474690165,2.278783253910457,60.81510271079333,122.2740839440373,-61.45898123324397
14.26,608.6544271728231,37.22262722324303,3.134967320943201,2.2787846900676145,60.81510271079333,122.2740839440373,-61.45898123324397
14.280000000000001,609.4144240472649,37.20898657724442,3.1349671983340395,2.2787864382506378,60.81510271079333,122.2740839440373,-61.45898123324397
14.3,610.1741481085263,37.195345905239066,3.134967112462,2.2787883929815735,60.81510271079333,122.2740839440373,-61.45898123324397
14.32,610.9335993562105,37.1817052283588,3.1349670667423224,2.2787904411482356,60.81510271079333,122.2740839440373,-61.45898123324397
14.34,611.6927777903466,37.16806456728333,3.1349670622948596,2.2787924684030956,60.81510271079333,122.2740839440373,-61.45898123324397
14.36,612.4516834113733,37.15442394113305,3.1349670979611473,2.2787943654121676,60.81510271079333,122.2740839440373,-61.45898123324397
14.38,613.210316220102,37.14078336648401,3.1349671704445634,2.2787960336198476,60.81510271079333,122.2740839440373,-61.45898123324397
14.4,613.9686762176589,37.127142856554464,3.134967274561798,2.2787973902331173,60.81510271079333,122.2740839440373,-61.45898123324397
14.42,614.7267634054144,37.11350242060122,3.1349674035882056,2.278798372181109,60.81510271079333,122.2740839440373,-61.45898123324397
14.44,615.4845777848997,37.099862063551534,3.1349675496751126,2.2787989388697514,60.81510271079333,122.2740839440373,-61.45898123324397
14.46,616.2421193577184,37.08622178588249,3.1349677043139828,2.2787990736229657,60.81510271079333,122.2740839440373,-61.45898123324397
14.48,616.999388125457,37.07258158374607,3.134967858820658,2.278798783776596,60.81510271079333,122.2740839440373,-61.45898123324397
14.5,617.7563840895996,37.058941449324685,3.1349680048127087,2.2787980994657735,60.81510271079333,122.2740839440373,-61.45898123324397
14.52,618.5131072514503,37.04530137139021,3.1349681346542115,2.2787970712157906,60.81510271079333,122.2740839440373,-61.45898123324397
14.540000000000001,619.269557612069,37.031661336029146,3.1349682418449243,2.27879576650788,60.81510271079333,122.2740839440373,-61.45898123324397
14.56,620.025735172222,37.018021327488945,3.134968321334608,2.278794265541082,60.81510271079333,122.2740839440373,-61.45898123324397
14.58,620.7816399323501,37.00438132909549,3.1349683697479835,2.2787926564474974,60.81510271079333,122.2740839440373,-61.45898123324397
14.6,621.5372718925563,36.990741324189415,3.1349683855111357,2.2787910302392524,60.81510271079333,122.2740839440373,-61.45898123324397
14.620000000000001,622.292631052611,36.97710129702997,3.1349683688758483,2.278789475770479,60.81510271079333,122.2740839440373,-61.45898123324397
14.64,623.0477174119761,36.96346123361823,3.134968321844014,2.2787880749873546,60.81510271079333,122.2740839440373,-61.45898123324397
14.66,623.8025309698447,36.94982112239797,3.134968247999606,2.2787868987142343,60.81510271079333,122.2740839440373,-61.45898123324397
14.68,624.5570717251941,36.93618095480005,3.134968152260472,2.2787860031864082,60.81510271079333,122.2740839440373,-61.45898123324397
14.700000000000001,625.3113396768481,36.92254072560626,3.134968040566143,2.2787854274923873,60.81510271079333,122.2740839440373,-61.45898123324397
14.72,626.0653348235467,36.90890043311892,3.1349679195207694,2.278785192033714,60.81510271079333,122.2740839440373,-61.45898123324397
14.74,626.819057164017,36.895260079133635,3.1349677960120927,2.2787852980513503,60.81510271079333,122.2740839440373,-61.45898123324397
14.76,627.5725066970426,36.881619668723296,3.1349676768279484,2.2787857282082133,60.81510271079333,122.2740839440373,-61.45898123324397
14.780000000000001,628.3256834215284,36.86797920985161,3.134967568291197,2.2787864481603815,60.81510271079333,122.2740839440373,-61.45898123324397
14.8,629.0785873365551,36.85433871284273,3.1349674759322776,2.2787874089981957,60.81510271079333,122.2740839440373,-61.45898123324397
14.82,629.8312184414233,36.8406981897408,3.1349674042158844,2.2787885503951912,60.81510271079333,122.2740839440373,-61.45898123324397
14.84,630.5835767356846,36.82705765359781,3.1349673563347613,2.27878980426997,60.81510271079333,122.2740839440373,-61.45898123324397
14.86,631.3356622191567,36.81341711773098,3.134967334079536,2.2787910987447986,60.81510271079333,122.2740839440373,-61.45898123324397
14.88,632.0874748919248,36.79977659499081,3.1349673377890794,2.278792362176054,60.81510271079333,122.2740839440373,-61.45898123324397
14.9,632.8390147543275,36.78613609707943,3.1349673663813507,2.2787935270352158,60.81510271079333,122.2740839440373,-61.45898123324397
14.92,633.5902818069302,36.772495633954286,3.134967417460329,2.2787945334348914,60.81510271079333,122.2740839440373,-61.45898123324397
14.94,634.3412760504864,36.758855213346834,3.134967487490641,2.2787953321204397,60.81510271079333,122.2740839440373,-61.45898123324397
14.96,635.0919974858905,36.74521484041834,3.134967572028112,2.278795886782961,60.81510271079333,122.2740839440373,-61.45898123324397
14.98,635.8424461141245,36.73157451756691,3.134967665991831,2.2787961755911406,60.81510271079333,122.2740839440373,-61.45898123324397
15.0,636.592621936202,36.71793424439103,3.134967763961548,2.2787961918852333,60.81510271079333,122.2740839440373,-61.45898123324397
15.02,637.3425249531116,36.70429401780631,3.1349678604834046,2.278795944023969,60.81510271079333,122.2740839440373,-61.45898123324397
15.040000000000001,638.0921551657643,36.69065383230392,3.134967950367122,2.2787954544214366,60.81510271079333,122.2740839440373,-61.45898123324397
15.06,638.8415125749469,36.67701368033187,3.134968028958796,2.2787947578536487,60.81510271079333,122.2740839440373,-61.45898123324397
15.08,639.5905971812833,36.663373552774196,3.134968092375329,2.278793899151544,60.81510271079333,122.2740839440373,-61.45898123324397
15.1,640.339408985206,36.6497334394989,3.1349681376890657,2.278792930426434,60.81510271079333,122.2740839440373,-61.45898123324397
15.120000000000001,641.0879479869394,36.63609332994236,3.1349681630543067,2.2787919079943397,60.81510271079333,122.2740839440373,-61.45898123324397
15.14,641.8362141864947,36.62245321369741,3.134968167770796,2.2787908891764523,60.81510271079333,122.2740839440373,-61.45898123324397
15.16,642.584207583676,36.608813081072924,3.1349681522828834,2.2787899291535383,60.81510271079333,122.2740839440373,-61.45898123324397
15.18,643.3319281780987,36.59517292359559,3.1349681181165794,2.2787890780432107,60.81510271079333,122.2740839440373,-61.45898123324397
15.200000000000001,644.0793759692165,36.58153273442858,3.134968067760033,2.2787883783511997,60.81510271079333,122.2740839440373,-61.45898123324397
15.22,644.8265509563561,36.567892508687116,3.134968004495837,2.2787878629222553,60.81510271079333,122.2740839440373,-61.45898123324397
15.24,645.5734531387587,36.55425224363744,3.134967932195895,2.2787875534849285,60.81510271079333,122.2740839440373,-61.45898123324397
15.26,646.3200825156238,36.54061193877224,3.134967855091262,2.27878745984919,60.81510271079333,122.2740839440373,-61.45898123324397
15.280000000000001,647.0664390861539,36.52697159576266,3.134967777530288,2.2787875797781667,60.81510271079333,122.2740839440373,-61.45898123324397
15.3,647.812522849598,36.51333121829372,3.1349677037386092,2.2787878995181514,60.81510271079333,122.2740839440373,-61.45898123324397
15.32,648.5583338052908,36.49969081179597,3.134967637593929,2.2787883949358347,60.81510271079333,122.2740839440373,-61.45898123324397
15.34,649.3038719526853,36.486050383091495,3.1349675824273326,2.2787890331803533,60.81510271079333,122.2740839440373,-61.45898123324397
15.36,650.0491372913795,36.472409939976416,3.1349675408610107,2.278789774762166,60.81510271079333,122.2740839440373,-61.45898123324397
15.38,650.7941298211322,36.45876949076465,3.1349675146899645,2.2787905759218092,60.81510271079333,122.2740839440373,-61.45898123324397
15.4,651.5388495418716,36.44512904381909,3.1349675048126273,2.278791391150049,60.81510271079333,122.2740839440373,-61.45898123324397
15.42,652.283296453693,36.431488607095915,3.1349675112125057,2.278792175717568,60.81510271079333,122.2740839440373,-61.45898123324397
15.44,653.0274705568478,36.4178481877266,3.1349675329901077,2.2787928880765094,60.81510271079333,122.2740839440373,-61.45898123324397
15.46,653.7713718517248,36.40420779165871,3.134967568441718,2.278793492007858,60.81510271079333,122.2740839440373,-61.45898123324397
15.48,654.5150003388245,36.39056742337325,3.134967615179159,2.278793958406746,60.81510271079333,122.2740839440373,-61.45898123324397
15.5,655.2583560187279,36.37692708569113,3.134967670282637,2.2787942666210017,60.81510271079333,122.2740839440373,-61.45898123324397
15.52,656.0014388920625,36.36328677967639,3.1349677304772707,2.278794405285506,60.81510271079333,122.2740839440373,-61.45898123324397
15.540000000000001,656.7442489594664,36.34964650463802,3.1349677923228985,2.2787943726241244,60.81510271079333,122.2740839440373,-61.45898123324397
15.56,657.4867862215535,36.33600625822696,3.1349678524064237,2.278794176220853,60.81510271079333,122.2740839440373,-61.45898123324397
15.58,658.2290506788809,36.32236603661991,3.1349679075261667,2.278793832290676,60.81510271079333,122.2740839440373,-61.45898123324397
15.6,658.9710423319204,36.30872583477683,3.1349679548584866,2.278793364506638,60.81510271079333,122.2740839440373,-61.45898123324397
15.620000000000001,659.7127611810365,36.2950856467558,3.1349679920982316,2.2787928024618567,60.81510271079333,122.2740839440373,-61.45898123324397
15.64,660.4542072264693,36.28144546606616,3.13496801756628,2.2787921798623523,60.81510271079333,122.2740839440373,-61.45898123324397
15.66,661.1953804683263,36.26780528603943,3.1349680302794543,2.278791532557913,60.81510271079333,122.2740839440373,-61.45898123324397
15.68,661.9362809065809,36.254165100197355,3.1349680299802816,2.27879089652339,60.81510271079333,122.2740839440373,-61.45898123324397
15.700000000000001,662.6769085410784,36.240524902597045,3.1349680171263574,2.2787903059016816,60.81510271079333,122.2740839440373,-61.45898123324397
15.72,663.4172633715486,36.22688468813547,3.134967992841252,2.2787897912125192,60.81510271079333,122.2740839440373,-61.45898123324397
15.74,664.1573453976247,36.21324445279794,3.134967958830932,2.2787893778186974,60.81510271079333,122.2740839440373,-61.45898123324397
15.76,664.8971546188661,36.19960419383911,3.134967917271404,2.2787890847242416,60.81510271079333,122.2740839440373,-61.45898123324397
15.780000000000001,665.6366910347853,36.185963909888976,3.134967870674653,2.278788923758526,60.81510271079333,122.2740839440373,-61.45898123324397
15.8,666.3759546448753,36.17232360098057,3.1349678217408923,2.2787888991775005,60.81510271079333,122.2740839440373,-61.45898123324397
15.82,667.1149454486384,36.15868326850059,3.1349677732056063,2.278789007689546,60.81510271079333,122.2740839440373,-61.45898123324397
15.84,667.8536634456128,36.145042915068196,3.1349677276898666,2.2787892388901465,60.81510271079333,122.2740839440373,-61.45898123324397
15.860000000000001,668.592108635396,36.13140254435106,3.1349676875619354,2.27878957606792,60.81510271079333,122.2740839440373,-61.45898123324397
15.88,669.3302810176651,36.1177621608307,3.1349676548172885,2.278789997325671,60.81510271079333,122.2740839440373,-61.45898123324397
15.9,670.0681805921914,36.1041217695316,3.1349676309829384,2.278790476944897,60.81510271079333,122.2740839440373,-61.45898123324397
15.92,670.8058073588498,36.090481375730086,3.134967617050438,2.2787909869114413,60.81510271079333,122.2740839440373,-61.45898123324397
15.94,671.5431613176219,36.076840984659334,3.134967613440216,2.278791498514033,60.81510271079333,122.2740839440373,-61.45898123324397
15.96,672.2802424685933,36.06320060122681,3.134967619998129,2.2787919839264257,60.81510271079333,122.2740839440373,-61.45898123324397
15.98,673.017050811946,36.0495602297589,3.1349676360233154,2.278792417687832,60.81510271079333,122.2740839440373,-61.45898123324397
16.0,673.7535863479443,36.0359198737858,3.1349676603247847,2.278792778004773,60.81510271079333,122.2740839440373,-61.45898123324397
16.02,674.4898490769186,36.022279535876855,3.1349676913026903,2.278793047809662,60.81510271079333,122.2740839440373,-61.45898123324397
16.04,675.2258389992446,36.00863921753373,3.1349677270490397,2.2787932155269863,60.81510271079333,122.2740839440373,-61.45898123324397
16.06,675.9615561153216,35.99499891914506,3.1349677654617163,2.2787932755153673,60.81510271079333,122.2740839440373,-61.45898123324397
16.080000000000002,676.6970004255501,35.981358640003165,3.1349678043651705,2.27879322817249,60.81510271079333,122.2740839440373,-61.45898123324397
16.1,677.4321719303098,35.96771837837959,3.134967841631003,2.2787930797087115,60.81510271079333,122.2740839440373,-61.45898123324397
16.12,678.1670706299399,35.95407813165358,3.1349678752918995,2.278792841612769,60.81510271079333,122.2740839440373,-61.45898123324397
16.14,678.9016965247218,35.940437896484625,3.1349679036429556,2.2787925298491283,60.81510271079333,122.2740839440373,-61.45898123324397
16.16,679.6360496148664,35.92679766901816,3.134967925325323,2.2787921638395936,60.81510271079333,122.2740839440373,-61.45898123324397
16.18,680.370129900504,35.913157445112255,3.1349679393882326,2.278791765291786,60.81510271079333,122.2740839440373,-61.45898123324397
16.2,681.1039373816812,35.89951722057221,3.1349679453267614,2.2787913569432696,60.81510271079333,122.2740839440373,-61.45898123324397
16.22,681.8374720583602,35.88587699138,3.1349679430941193,2.2787909612923953,60.81510271079333,122.2740839440373,-61.45898123324397
16.240000000000002,682.570733930424,35.87223675390644,3.13496793308865,2.278790599385152,60.81510271079333,122.2740839440373,-61.45898123324397
16.26,683.3037229976859,35.85859650509495,3.13496791611711,2.27879028972203,60.81510271079333,122.2740839440373,-61.45898123324397
16.28,684.0364392599013,35.84495624260807,3.134967893337023,2.278790047340092,60.81510271079333,122.2740839440373,-61.45898123324397
16.3,684.7688827167834,35.83131596492995,3.134967866181951,2.278789883114222,60.81510271079333,122.2740839440373,-61.45898123324397
16.32,685.5010533680202,35.817675671420766,3.1349678362743147,2.278789803307996,60.81510271079333,122.2740839440373,-61.45898123324397
16.34,686.2329512132919,35.80403536232174,3.1349678053309185,2.278789809390085,60.81510271079333,122.2740839440373,-61.45898123324397
16.36,686.964576252289,35.79039503871215,3.13496777506656,2.2787898981171586,60.81510271079333,122.2740839440373,-61.45898123324397
16.38,687.6959284847284,35.77675470242232,3.1349677471010136,2.2787900618697763,60.81510271079333,122.2740839440373,-61.45898123324397
16.4,688.427007910368,35.763114355908826,3.1349677228743307,2.2787902892144056,60.81510271079333,122.2740839440373,-61.45898123324397
16.42,689.1578145290187,35.74947400209986,3.134967703574766,2.278790565653418,60.81510271079333,122.2740839440373,-61.45898123324397
16.44,689.8883483405522,35.7358336442203,3.1349676900828167,2.2787908745159977,60.81510271079333,122.2740839440373,-61.45898123324397
16.46,690.6186093449066,35.72219328560662,3.1349676829338677,2.278791197936748,60.81510271079333,122.2740839440373,-61.45898123324397
16.48,691.3485975420874,35.70855292952198,3.1349676823008337,2.2787915178659874,60.81510271079333,122.2740839440373,-61.45898123324397
16.5,692.0783129321644,35.69491257898156,3.1349676879970687,2.278791817055784,60.81510271079333,122.2740839440373,-61.45898123324397
16.52,692.8077555152663,35.68127223659732,3.134967699498693,2.2787920799689902,60.81510271079333,122.2740839440373,-61.45898123324397
16.54,693.5369252915714,35.66763190444992,3.1349677159844673,2.2787922935646185,60.81510271079333,122.2740839440373,-61.45898123324397
16.56,694.2658222612963,35.65399158399374,3.1349677363904602,2.2787924479210613,60.81510271079333,122.2740839440373,-61.45898123324397
16.580000000000002,694.994446424683,35.64035127599922,3.1349677594760283,2.278792536668838,60.81510271079333,122.2740839440373,-61.45898123324397
16.6,695.7227977819848,35.62671098053425,3.1349677838971566,2.278792557215886,60.81510271079333,122.2740839440373,-61.45898123324397
16.62,696.450876333452,35.61307069698425,3.1349678082829207,2.2787925107601192,60.81510271079333,122.2740839440373,-61.45898123324397
16.64,697.1786820793186,35.599430424108746,3.1349678313108145,2.2787924020958643,60.81510271079333,122.2740839440373,-61.45898123324397
16.66,697.9062150197902,35.58579016012989,3.134967851776897,2.2787922392316315,60.81510271079333,122.2740839440373,-61.45898123324397
16.68,698.6334751550337,35.572149902847215,3.134967868657123,2.2787920328463613,60.81510271079333,122.2740839440373,-61.45898123324397
16.7,699.3604624851695,35.558509649771416,3.134967881156828,2.2787917956191963,60.81510271079333,122.2740839440373,-61.45898123324397
16.72,700.0871770102666,35.544869398269256,3.1349678887460835,2.2787915414733777,60.81510271079333,122.2740839440373,-61.45898123324397
16.740000000000002,700.8136187303407,35.53122914571139,3.134967891179484,2.278791284778269,60.81510271079333,122.2740839440373,-61.45898123324397
16.76,701.5397876453552,35.51758888961497,3.1349678884998182,2.278791039554242,60.81510271079333,122.2740839440373,-61.45898123324397
16.78,702.2656837552245,35.50394862777343,3.134967881025969,2.278790818723434,60.81510271079333,122.2740839440373,-61.45898123324397
16.8,702.9913070598208,35.49030835836692,3.1349678693262417,2.278790633445584,60.81510271079333,122.2740839440373,-61.45898123324397
16.82,703.7166575589822,35.476668080047936,3.1349678541790533,2.2787904925720257,60.81510271079333,122.2740839440373,-61.45898123324397
16.84,704.441735252523,35.463027791998485,3.134967836523554,2.2787904022435272,60.81510271079333,122.2740839440373,-61.45898123324397
16.86,705.1665401402441,35.44938749395649,3.134967817403195,2.2787903656488897,60.81510271079333,122.2740839440373,-61.45898123324397
16.88,705.8910722219447,35.43574718621119,3.134967797905551,2.2787903829519864,60.81510271079333,122.2740839440373,-61.45898123324397
16.9,706.6153314974327,35.422106869568715,3.134967779101788,2.2787904513854524,60.81510271079333,122.2740839440373,-61.45898123324397
16.92,707.3393179665356,35.40846654529082,3.134967761989074,2.27879056550034,60.81510271079333,122.2740839440373,-61.45898123324397
16.94,708.0630316291087,35.39482621501092,3.134967747438963,2.2787907175528437,60.81510271079333,122.2740839440373,-61.45898123324397
16.96,708.7864724850417,35.38118588063284,3.1349677361543424,2.2787908980024936,60.81510271079333,122.2740839440373,-61.45898123324397
16.98,709.5096405342645,35.36754554421827,3.134967728637004,2.278791096090962,60.81510271079333,122.2740839440373,-61.45898123324397
17.0,710.2325357767486,35.35390520786952,3.134967725167223,2.278791300467351,60.81510271079333,122.2740839440373,-61.45898123324397
17.02,710.955158212508,35.34026487361404,3.13496772579606,2.2787914998244494,60.81510271079333,122.2740839440373,-61.45898123324397
17.04,711.6775078415965,35.32662454329685,3.134967730350363,2.2787916835110287,60.81510271079333,122.2740839440373,-61.45898123324397
17.06,712.3995846641037,35.312984218486655,3.13496773844977,2.278791842087739,60.81510271079333,122.2740839440373,-61.45898123324397
17.080000000000002,713.1213886801489,35.29934390039998,3.1349677495343866,2.278791967798425,60.81510271079333,122.2740839440373,-61.45898123324397
17.1,713.8429198898735,35.28570358984716,3.1349677629012658,2.278792054934033,60.81510271079333,122.2740839440373,-61.45898123324397
17.12,714.5641782934327,35.272063287202066,3.134967777747418,2.2787921000730718,60.81510271079333,122.2740839440373,-61.45898123324397
17.14,715.2851638909864,35.25842299239665,3.1349677932167914,2.278792102189757,60.81510271079333,122.2740839440373,-61.45898123324397
17.16,716.0058766826907,35.244782704939624,3.134967808448541,2.278792062628439,60.81510271079333,122.2740839440373,-61.45898123324397
17.18,716.7263166686892,35.23114242395747,3.1349678226239184,2.2787919849502214,60.81510271079333,122.2740839440373,-61.45898123324397
17.2,717.4464838491058,35.217502148254844,3.134967835009287,2.2787918746644835,60.81510271079333,122.2740839440373,-61.45898123324397
17.22,718.1663782240388,35.20386187639035,3.1349678449930605,2.2787917388637347,60.81510271079333,122.2740839440373,-61.45898123324397
17.240000000000002,718.885999793556,35.190221606763146,3.134967852114758,2.278791585784924,60.81510271079333,122.2740839440373,-61.45898123324397
17.26,719.6053485576927,35.176581337705244,3.134967856084877,2.2787914243234932,60.81510271079333,122.2740839440373,-61.45898123324397
17.28,720.3244245164501,35.16294106757432,3.134967856794808,2.278791263528197,60.81510271079333,122.2740839440373,-61.45898123324397
17.3,721.0432276697971,35.14930079484202,3.1349678543165944,2.2787911121047246,60.81510271079333,122.2740839440373,-61.45898123324397
17.32,721.7617580176726,35.13566051817301,3.1349678488928947,2.2787909779547433,60.81510271079333,122.2740839440373,-61.45898123324397
17.34,722.4800155599901,35.12202023649097,3.1349678409180233,2.278790867774279,60.81510271079333,122.2740839440373,-61.45898123324397
17.36,723.1980002966432,35.108379949028176,3.134967830911402,2.278790786731137,60.81510271079333,122.2740839440373,-61.45898123324397
17.38,723.9157122275119,35.094739655356754,3.134967819485123,2.278790738236201,60.81510271079333,122.2740839440373,-61.45898123324397
17.400000000000002,724.6331513524698,35.08109935540035,3.134967807307578,2.278790723817895,60.81510271079333,122.2740839440373,-61.45898123324397
17.42,725.350317671391,35.067459049426354,3.1349677950652697,2.2787907431030474,60.81510271079333,122.2740839440373,-61.45898123324397
17.44,726.0672111841573,35.05381873801974,3.1349677834249294,2.278790793901664,60.81510271079333,122.2740839440373,-61.45898123324397
17.46,726.7838318906635,35.04017842204055,3.134967772998,2.278790872387417,60.81510271079333,122.2740839440373,-61.45898123324397
17.48,727.5001797908236,35.02653810256783,3.1349677643093172,2.278790973360854,60.81510271079333,122.2740839440373,-61.45898123324397
17.5,728.2162548845744,35.01289778083368,3.1349677577715616,2.278791090578202,60.81510271079333,122.2740839440373,-61.45898123324397
17.52,728.9320571718781,34.99925745815117,3.134967753666659,2.2787912171257316,60.81510271079333,122.2740839440373,-61.45898123324397
17.54,729.6475866527237,34.9856171358403,3.134967752134913,2.278791345817727,60.81510271079333,122.2740839440373,-61.45898123324397
17.56,730.3628433271264,34.97197681515613,3.134967753172193,2.2787914695958045,60.81510271079333,122.2740839440373,-61.45898123324397
17.580000000000002,731.0778271951261,34.95833649722285,3.134967756635057,2.278791581907739,60.81510271079333,122.2740839440373,-61.45898123324397
17.6,731.7925382567846,34.944696182977204,3.134967762253262,2.27879167704593,60.81510271079333,122.2740839440373,-61.45898123324397
17.62,732.506976512181,34.93105587312397,3.134967769648736,2.2787917504285953,60.81510271079333,122.2740839440373,-61.45898123324397
17.64,733.2211419614072,34.9174155681056,3.1349677783597567,2.2787917988102997,60.81510271079333,122.2740839440373,-61.45898123324397
17.66,733.9350346045621,34.903775268087124,3.134967787868853,2.2787918204127853,60.81510271079333,122.2740839440373,-61.45898123324397
17.68,734.6486544417467,34.890134972956524,3.1349677976327834,2.278791814971727,60.81510271079333,122.2740839440373,-61.45898123324397
17.7,735.3620014730576,34.87649468234029,3.1349678071129,2.2787917836997487,60.81510271079333,122.2740839440373,-61.45898123324397
17.72,736.0750756985827,34.86285439563251,3.134967815804231,2.278791729170488,60.81510271079333,122.2740839440373,-61.45898123324397
17.740000000000002,736.7878771183965,34.849214112035696,3.134967823261748,2.278791655132744,60.81510271079333,122.2740839440373,-61.45898123324397
17.76,737.5004057325561,34.835573830610514,3.134967829122492,2.278791566267111,60.81510271079333,122.2740839440373,-61.45898123324397
17.78,738.2126615410995,34.821933550331615,3.1349678331224906,2.2787914679003314,60.81510271079333,122.2740839440373,-61.45898123324397
17.8,738.9246445440431,34.80829327014621,3.1349678351077293,2.2787913656941994,60.81510271079333,122.2740839440373,-61.45898123324397
17.82,739.6363547413827,34.794652989032144,3.1349678350387826,2.278791265326878,60.81510271079333,122.2740839440373,-61.45898123324397
17.84,740.3477921330935,34.78101270605234,3.134967832989068,2.2787911721841296,60.81510271079333,122.2740839440373,-61.45898123324397
17.86,741.0589567191329,34.76737242040278,3.1349678291370315,2.2787910910768687,60.81510271079333,122.2740839440373,-61.45898123324397
17.88,741.7698484994426,34.753732131451635,3.1349678237529006,2.2787910259995257,60.81510271079333,122.2740839440373,-61.45898123324397
17.900000000000002,742.480467473953,34.740091838767725,3.134967817180902,2.2787909799409247,60.81510271079333,122.2740839440373,-61.45898123324397
17.92,743.1908136425872,34.72645154213712,3.134967809818067,2.2787909547561265,60.81510271079333,122.2740839440373,-61.45898123324397
17.94,743.900887005265,34.71281124156737,3.134967802090887,2.278790951104204,60.81510271079333,122.2740839440373,-61.45898123324397
17.96,744.610687561908,34.69917093727961,3.1349677944311667,2.278790968453036,60.81510271079333,122.2740839440373,-61.45898123324397
17.98,745.3202153124432,34.685530629689275,3.134967787252402,2.2787910051485865,60.81510271079333,122.2740839440373,-61.45898123324397
18.0,746.0294702568074,34.67189031937699,3.134967780927956,2.2787910585427493,60.81510271079333,122.2740839440373,-61.45898123324397
18.02,746.7384523949496,34.65825000705144,3.1349677757721555,2.278791125170789,60.81510271079333,122.2740839440373,-61.45898123324397
18.04,747.4471617268339,34.64460969350655,3.1349677720252282,2.278791200967149,60.81510271079333,122.2740839440373,-61.45898123324397
18.06,748.1555982524408,34.63096937957552,3.134967769842778,2.2787912815064906,60.81510271079333,122.2740839440373,-61.45898123324397
18.080000000000002,748.8637619717674,34.61732906608422,3.134967769290208,2.278791362256109,60.81510271079333,122.2740839440373,-61.45898123324397
18.1,749.5716528848276,34.603688753806665,3.13496777034223,2.278791438825627,60.81510271079333,122.2740839440373,-61.45898123324397
18.12,750.2792709916502,34.59004844342473,3.1349677728873138,2.2787915072004927,60.81510271079333,122.2740839440373,-61.45898123324397
18.14,750.986616292277,34.57640813549425,3.134967776736665,2.27879156394713,60.81510271079333,122.2740839440373,-61.45898123324397
18.16,751.6936887867603,34.56276783041915,3.134967781637095,2.278791606379637,60.81510271079333,122.2740839440373,-61.45898123324397
18.18,752.4004884751594,34.54912752843465,3.134967787286949,2.2787916326802087,60.81510271079333,122.2740839440373,-61.45898123324397
18.2,753.1070153575374,34.53548722960024,3.1349677933541225,2.2787916419683687,60.81510271079333,122.2740839440373,-61.45898123324397
18.22,753.8132694339577,34.521846933802394,3.1349677994951235,2.2787916343169674,60.81510271079333,122.2740839440373,-61.45898123324397
18.240000000000002,754.5192507044799,34.508206640766595,3.1349678053741026,2.2787916107158965,60.81510271079333,122.2740839440373,-61.45898123324397
18.26,755.2249591691576,34.494566350077726,3.134967810680825,2.278791572987248,60.81510271079333,122.2740839440373,-61.45898123324397
18.28,755.9303948280352,34.48092606120734,3.1349678151466422,2.278791523658193,60.81510271079333,122.2740839440373,-61.45898123324397
18.3,756.6355576811458,34.467285773546216,3.1349678185576626,2.2787914657998676,60.81510271079333,122.2740839440373,-61.45898123324397
18.32,757.3404477285097,34.453645486440145,3.1349678207645066,2.2787914028422303,60.81510271079333,122.2740839440373,-61.45898123324397
18.34,758.0450649701344,34.44000519922698,3.1349678216882264,2.2787913383757,60.81510271079333,122.2740839440373,-61.45898123324397
18.36,758.7494094060135,34.42636491127285,3.134967821322202,2.2787912759508213,60.81510271079333,122.2740839440373,-61.45898123324397
18.38,759.4534810361286,34.4127246220056,3.134967819730047,2.2787912188868873,60.81510271079333,122.2740839440373,-61.45898123324397
18.400000000000002,760.15727986045,34.399084330943765,3.1349678170397755,2.2787911700995944,60.81510271079333,122.2740839440373,-61.45898123324397
18.42,760.860805878939,34.38544403771963,3.1349678134346664,2.278791131956488,60.81510271079333,122.2740839440373,-61.45898123324397
18.44,761.5640590915503,34.37180374209531,3.134967809141442,2.278791106167017,60.81510271079333,122.2740839440373,-61.45898123324397
18.46,762.2670394982347,34.358163443971286,3.1349678044164855,2.278791093712057,60.81510271079333,122.2740839440373,-61.45898123324397
18.48,762.9697470989416,34.3445231433871,3.1349677995309206,2.2787910948154155,60.81510271079333,122.2740839440373,-61.45898123324397
18.5,763.6721818936222,34.33088284051449,3.1349677947553927,2.278791108957325,60.81510271079333,122.2740839440373,-61.45898123324397
18.52,764.3743438822319,34.3172425356436,3.1349677903453936,2.278791134927883,60.81510271079333,122.2740839440373,-61.45898123324397
18.54,765.0762330647325,34.3036022291632,3.1349677865279086,2.27879117091616,60.81510271079333,122.2740839440373,-61.45898123324397
18.56,765.7778494410942,34.28996192153623,3.1349677834900613,2.2787912146288596,60.81510271079333,122.2740839440373,-61.45898123324397
18.580000000000002,766.479193011297,34.27632161327219,3.1349677813703076,2.2787912634311698,60.81510271079333,122.2740839440373,-61.45898123324397
18.6,767.1802637753311,34.262681304897846,3.1349677802525715,2.278791314501381,60.81510271079333,122.2740839440373,-61.45898123324397
18.62,767.8810617331976,34.249040996928116,3.134967780163539,2.278791364990382,60.81510271079333,122.2740839440373,-61.45898123324397
18.64,768.5815868849076,34.23540068983847,3.1349677810731515,2.278791412177252,60.81510271079333,122.2740839440373,-61.45898123324397
18.66,769.2818392304813,34.221760384040486,3.134967782898161,2.278791453612598,60.81510271079333,122.2740839440373,-61.45898123324397
18.68,769.9818187699472,34.208120079861665,3.134967785508454,2.278791487242314,60.81510271079333,122.2740839440373,-61.45898123324397
18.7,770.6815255033393,34.19447977753052,3.134967788735703,2.2787915115056676,60.81510271079333,122.2740839440373,-61.45898123324397
18.72,771.3809594306962,34.180839477167495,3.1349677923838013,2.278791525403292,60.81510271079333,122.2740839440373,-61.45898123324397
18.740000000000002,772.0801205520576,34.16719917878214,3.1349677962404487,2.2787915285323823,60.81510271079333,122.2740839440373,-61.45898123324397
18.76,772.7790088674631,34.153558882276315,3.1349678000892256,2.2787915210883347,60.81510271079333,122.2740839440373,-61.45898123324397
18.78,773.4776243769495,34.13991858745318,3.13496780372148,2.2787915038338493,60.81510271079333,122.2740839440373,-61.45898123324397
18.8,774.1759670805494,34.12627829403125,3.1349678069473903,2.2787914780382836,60.81510271079333,122.2740839440373,-61.45898123324397
18.82,774.8740369782889,34.11263800166252,3.13496780960563,2.2787914453915668,60.81510271079333,122.2740839440373,-61.45898123324397
18.84,775.571834070187,34.0989977099536,3.13496781157116,2.278791407898207,60.81510271079333,122.2740839440373,-61.45898123324397
18.86,776.2693583562545,34.085357418488655,3.1349678127607827,2.2787913677578047,60.81510271079333,122.2740839440373,-61.45898123324397
18.88,776.9666098364938,34.0717171268527,3.1349678131362406,2.2787913272390385,60.81510271079333,122.2740839440373,-61.45898123324397
18.900000000000002,777.6635885108991,34.0580768346541,3.134967812704768,2.278791288554173,60.81510271079333,122.2740839440373,-61.45898123324397
18.92,778.3602943794567,34.04443654154506,3.1349678115171558,2.278791253740894,60.81510271079333,122.2740839440373,-61.45898123324397
18.94,779.0567274421463,34.03079624723899,3.1349678096635167,2.2787912245576174,60.81510271079333,122.2740839440373,-61.45898123324397
18.96,779.7528876989425,34.017155951524,3.1349678072670604,2.2787912023975108,60.81510271079333,122.2740839440373,-61.45898123324397
18.98,780.4487751498157,34.00351565427188,3.1349678044762825,2.2787911882252443,60.81510271079333,122.2740839440373,-61.45898123324397
19.0,781.1443897947346,33.98987535544218,3.134967801456046,2.278791182539187,60.81510271079333,122.2740839440373,-61.45898123324397
19.02,781.8397316336675,33.97623505508148,3.1349677983780784,2.2787911853601495,60.81510271079333,122.2740839440373,-61.45898123324397
19.04,782.5348006665841,33.96259475331787,3.1349677954114155,2.278791196246469,60.81510271079333,122.2740839440373,-61.45898123324397
19.06,783.2295968934573,33.948954450351266,3.1349677927133177,2.2787912143336384,60.81510271079333,122.2740839440373,-61.45898123324397
19.080000000000002,783.9241203142641,33.935314146440085,3.134967790421134,2.2787912383956246,60.81510271079333,122.2740839440373,-61.45898123324397
19.1,784.6183709289872,33.92167384188526,3.1349677886455205,2.2787912669236388,60.81510271079333,122.2740839440373,-61.45898123324397
19.12,785.3123487376157,33.90803353701246,3.1349677874653397,2.278791298217642,60.81510271079333,122.2740839440373,-61.45898123324397
19.14,786.0060537401451,33.894393232153554,3.134967786924458,2.2787913304851255,60.81510271079333,122.2740839440373,-61.45898123324397
19.16,786.6994859365777,33.880752927628414,3.134967787030552,2.278791361941528,60.81510271079333,122.2740839440373,-61.45898123324397
19.18,787.3926453269221,33.86711262372795,3.134967787755918,2.278791390906845,60.81510271079333,122.2740839440373,-61.45898123324397
19.2,788.0855319111924,33.853472320699275,3.134967789040177,2.2787914158932776,60.81510271079333,122.2740839440373,-61.45898123324397
19.22,788.7781456894077,33.839832018733816,3.1349677907946605,2.278791435679477,60.81510271079333,122.2740839440373,-61.45898123324397
19.240000000000002,789.47048666159,33.826191717958785,3.1349677929081827,2.2787914493677874,60.81510271079333,122.2740839440373,-61.45898123324397
19.26,790.1625548277641,33.81255141843246,3.1349677952538397,2.2787914564220175,60.81510271079333,122.2740839440373,-61.45898123324397
19.28,790.8543501879551,33.79891112014337,3.134967797696431,2.278791456684263,60.81510271079333,122.2740839440373,-61.45898123324397
19.3,791.5458727421877,33.78527082301327,3.1349678001000805,2.2787914503706586,60.81510271079333,122.2740839440373,-61.45898123324397
19.32,792.2371224904846,33.77163052690365,3.1349678023356344,2.2787914380469663,60.81510271079333,122.2740839440373,-61.45898123324397
19.34,792.9280994328652,33.75799023162531,3.134967804287444,2.2787914205859803,60.81510271079333,122.2740839440373,-61.45898123324397
19.36,793.6188035693451,33.74434993695033,3.134967805859185,2.278791399109774,60.81510271079333,122.2740839440373,-61.45898123324397
19.38,794.3092348999348,33.7307096426258,3.134967806978433,2.2787913749203037,60.81510271079333,122.2740839440373,-61.45898123324397
19.400000000000002,794.99939342464,33.71706934838833,3.1349678075997796,2.2787913494226486,60.81510271079333,122.2740839440373,-61.45898123324397
19.42,795.6892791434606,33.703429053978766,3.1349678077063854,2.2787913240452378,60.81510271079333,122.2740839440373,-61.45898123324397
19.44,796.3788920563918,33.68978875915607,3.1349678073099225,2.2787913001615254,60.81510271079333,122.2740839440373,-61.45898123324397
19.46,797.0682321634239,33.676148463709815,3.134967806448975,2.278791279017304,60.81510271079333,122.2740839440373,-61.45898123324397
19.48,797.7572994645432,33.66250816747055,3.1349678051860312,2.2787912616674033,60.81510271079333,122.2740839440373,-61.45898123324397
19.5,798.4460939597328,33.648867870317616,3.134967803603281,2.2787912489249114,60.81510271079333,122.2740839440373,-61.45898123324397
19.52,799.1346156489739,33.63522757218405,3.1349678017974862,2.278791241325235,60.81510271079333,122.2740839440373,-61.45898123324397
19.54,799.8228645322463,33.62158727305839,3.1349677998742345,2.2787912391064746,60.81510271079333,122.2740839440373,-61.45898123324397
19.56,800.5108406095303,33.60794697298341,3.1349677979419073,2.278791242206553,60.81510271079333,122.2740839440373,-61.45898123324397
19.580000000000002,801.1985438808072,33.59430667205198,3.1349677961057028,2.278791250276785,60.81510271079333,122.2740839440373,-61.45898123324397
19.6,801.8859743460604,33.58066637040028,3.1349677944620336,2.278791262710526,60.81510271079333,122.2740839440373,-61.45898123324397
19.62,802.5731320052764,33.567026068199,3.1349677930935904,2.278791278684839,60.81510271079333,122.2740839440373,-61.45898123324397
19.64,803.2600168584453,33.55338576564285,3.1349677920653196,2.278791297212524,60.81510271079333,122.2740839440373,-61.45898123324397
19.66,803.946628905561,33.53974546293921,3.1349677914215,2.2787913172012586,60.81510271079333,122.2740839440373,-61.45898123324397
19.68,804.6329681466221,33.52610516029643,3.1349677911840392,2.278791337516459,60.81510271079333,122.2740839440373,-61.45898123324397
19.7,805.3190345816308,33.51246485791249,3.134967791352044,2.278791357044304,60.81510271079333,122.2740839440373,-61.45898123324397
19.72,806.0048282105936,33.4988245559646,3.134967791902642,2.2787913747514934,60.81510271079333,122.2740839440373,-61.45898123324397
19.740000000000002,806.6903490335202,33.485184254600306,3.1349677927929696,2.278791389738595,60.81510271079333,122.2740839440373,-61.45898123324397
19.76,807.375597050423,33.47154395393044,3.134967793963174,2.278791401284351,60.81510271079333,122.2740839440373,-61.45898123324397
19.78,808.0605722613168,33.45790365402441,3.134967795340242,2.2787914088787473,60.81510271079333,122.2740839440373,-61.45898123324397
19.8,808.745274666217,33.4442633549078,3.1349677968424072,2.278791412243578,60.81510271079333,122.2740839440373,-61.45898123324397
19.82,809.4297042651397,33.43062305656245,3.134967798383886,2.2787914113396552,60.81510271079333,122.2740839440373,-61.45898123324397
19.84,810.1138610580999,33.416982758928995,3.134967799879671,2.278791406360827,60.81510271079333,122.2740839440373,-61.45898123324397
19.86,810.7977450451117,33.4033424619114,3.1349678012501174,2.2787913977155734,60.81510271079333,122.2740839440373,-61.45898123324397
19.88,811.4813562261867,33.38970216538348,3.1349678024250864,2.2787913859975286,60.81510271079333,122.2740839440373,-61.45898123324397
19.900000000000002,812.164694601334,33.37606186919675,3.1349678033474286,2.2787913719469968,60.81510271079333,122.2740839440373,-61.45898123324397
19.92,812.8477601705594,33.362421573189216,3.1349678039756466,2.2787913564057836,60.81510271079333,122.2740839440373,-61.45898123324397
19.94,813.5305529338656,33.34878127719469,3.134967804285615,2.2787913402680533,60.81510271079333,122.2740839440373,-61.45898123324397
19.96,814.2130728912518,33.335140981051886,3.1349678042713034,2.278791324430025,60.81510271079333,122.2740839440373,-61.45898123324397
19.98,814.8953200427143,33.32150068461304,3.134967803944487,2.2787913097412518,60.81510271079333,122.2740839440373,-61.45898123324397
20.0,815.577294388246,33.30786038775148,3.134967803333506,2.27879129696009,60.81510271079333,122.2740839440373,-61.45898123324397
